Timestamp;Position.x;Position.y;Position.z;Rotation.x;Rotation.y;Rotation.z;Rotation.w
12:05:29.862062;0;0;0;0;0;0;1
12:05:31.249348;0;0;0;0;0;0;1
12:05:31.250353;0;0;0;0;0;0;1
12:05:31.250353;0;0;0;0;0;0;1
12:05:31.251339;0;0;0;0;0;0;1
12:05:31.281365;0;0;0;0;0;0;1
12:05:31.282367;0;0;0;0;0;0;1
12:05:31.282367;0;0;0;0;0;0;1
12:05:31.283366;0;0;0;0;0;0;1
12:05:31.283366;0;0;0;0;0;0;1
12:05:31.283366;0;0;0;0;0;0;1
12:05:31.298365;0;0;0;0;0;0;1
12:05:31.299366;0;0;0;0;0;0;1
12:05:31.299366;0;0;0;0;0;0;1
12:05:31.317365;0;0;0;0;0;0;1
12:05:31.318365;0;0;0;0;0;0;1
12:05:31.318365;0;0;0;0;0;0;1
12:05:31.318365;0;0;0;0;0;0;1
12:05:31.330366;0;0;0;0;0;0;1
12:05:31.330366;0;0;0;0;0;0;1
12:05:31.331365;0;0;0;0;0;0;1
12:05:31.337366;0;0;0;0;0;0;1
12:05:31.353366;0;0;0;0;0;0;1
12:05:31.354367;0;0;0;0;0;0;1
12:05:31.354367;0;0;0;0;0;0;1
12:05:31.373365;0;0;0;0;0;0;1
12:05:31.373365;0;0;0;0;0;0;1
12:05:31.374366;0;0;0;0;0;0;1
12:05:31.374366;0;0;0;0;0;0;1
12:05:31.384439;0;0;0;0;0;0;1
12:05:31.385439;0;0;0;0;0;0;1
12:05:31.385439;0;0;0;0;0;0;1
12:05:31.393438;0;0;0;0;0;0;1
12:05:31.410439;0;0;0;0;0;0;1
12:05:31.410439;0;0;0;0;0;0;1
12:05:31.411437;0;0;0;0;0;0;1
12:05:31.411437;0;0;0;0;0;0;1
12:05:31.426440;0;0;0;0;0;0;1
12:05:31.427439;0;0;0;0;0;0;1
12:05:31.427439;0;0;0;0;0;0;1
12:05:31.434438;0;0;0;0;0;0;1
12:05:31.434438;0;0;0;0;0;0;1
12:05:31.454440;0;0;0;0;0;0;1
12:05:31.455439;0;0;0;0;0;0;1
12:05:31.455439;0;0;0;0;0;0;1
12:05:31.455439;0;0;0;0;0;0;1
12:05:31.462439;0;0;0;0;0;0;1
12:05:31.481845;0;0;0;0;0;0;1
12:05:31.482677;0;0;0;0;0;0;1
12:05:31.483192;0;0;0;0;0;0;1
12:05:31.483192;0;0;0;0;0;0;1
12:05:31.490190;0;0;0;0;0;0;1
12:05:31.491192;0;0;0;0;0;0;1
12:05:31.507553;0;0;0;0;0;0;1
12:05:31.507553;0;0;0;0;0;0;1
12:05:31.508552;0;0;0;0;0;0;1
12:05:31.520553;0;0;0;0;0;0;1
12:05:31.520553;0;0;0;0;0;0;1
12:05:31.521579;0;0;0;0;0;0;1
12:05:31.534931;0;0;0;0;0;0;1
12:05:31.534931;0;0;0;0;0;0;1
12:05:31.535954;0;0;0;0;0;0;1
12:05:31.548740;0;0;0;0;0;0;1
12:05:31.548740;0;0;0;0;0;0;1
12:05:31.562739;0;0;0;0;0;0;1
12:05:31.562739;0;0;0;0;0;0;1
12:05:31.563760;0;0;0;0;0;0;1
12:05:31.577741;0;0;0;0;0;0;1
12:05:31.577741;0;0;0;0;0;0;1
12:05:31.577741;0;0;0;0;0;0;1
12:05:31.589739;0;0;0;0;0;0;1
12:05:31.593760;0;0;0;0;0;0;1
12:05:31.593760;0;0;0;0;0;0;1
12:05:31.605767;0;0;0;0;0;0;1
12:05:31.605767;0;0;0;0;0;0;1
12:05:31.606769;0;0;0;0;0;0;1
12:05:31.617788;0;0;0;0;0;0;1
12:05:31.618767;0;0;0;0;0;0;1
12:05:31.632766;0;0;0;0;0;0;1
12:05:31.632766;0;0;0;0;0;0;1
12:05:31.633766;0;0;0;0;0;0;1
12:05:31.644766;0;0;0;0;0;0;1
12:05:31.644766;0;0;0;0;0;0;1
12:05:31.645766;0;0;0;0;0;0;1
12:05:31.658767;0;0;0;0;0;0;1
12:05:31.659768;0;0;0;0;0;0;1
12:05:31.659768;0;0;0;0;0;0;1
12:05:31.673792;0;0;0;0;0;0;1
12:05:31.674768;0;0;0;0;0;0;1
12:05:31.674768;0;0;0;0;0;0;1
12:05:31.687379;0;0;0;0;0;0;1
12:05:31.688360;0;0;0;0;0;0;1
12:05:31.701360;0;0;0;0;0;0;1
12:05:31.701360;0;0;0;0;0;0;1
12:05:31.702359;0;0;0;0;0;0;1
12:05:31.715361;0;0;0;0;0;0;1
12:05:31.716360;0;0;0;0;0;0;1
12:05:31.716360;0;0;0;0;0;0;1
12:05:31.728360;0;0;0;0;0;0;1
12:05:31.728360;0;0;0;0;0;0;1
12:05:31.742360;0;0;0;0;0;0;1
12:05:31.742360;0;0;0;0;0;0;1
12:05:31.743359;0;0;0;0;0;0;1
12:05:31.756359;0;0;0;0;0;0;1
12:05:31.756359;0;0;0;0;0;0;1
12:05:31.757360;0;0;0;0;0;0;1
12:05:31.771360;0;0;0;0;0;0;1
12:05:31.771360;0;0;0;0;0;0;1
12:05:31.772383;0;0;0;0;0;0;1
12:05:31.783951;0;0;0;0;0;0;1
12:05:31.783951;0;0;0;0;0;0;1
12:05:31.798951;0;0;0;0;0;0;1
12:05:31.798951;0;0;0;0;0;0;1
12:05:31.799950;0;0;0;0;0;0;1
12:05:31.810952;0;0;0;0;0;0;1
12:05:31.811951;0;0;0;0;0;0;1
12:05:31.811951;0;0;0;0;0;0;1
12:05:31.826950;0;0;0;0;0;0;1
12:05:31.826950;0;0;0;0;0;0;1
12:05:31.827953;0;0;0;0;0;0;1
12:05:31.840952;0;0;0;0;0;0;1
12:05:31.841952;0;0;0;0;0;0;1
12:05:31.841952;0;0;0;0;0;0;1
12:05:31.853951;0;0;0;0;0;0;1
12:05:31.854951;0;0;0;0;0;0;1
12:05:31.867951;0;0;0;0;0;0;1
12:05:31.868951;0;0;0;0;0;0;1
12:05:31.868951;0;0;0;0;0;0;1
12:05:31.881951;0;0;0;0;0;0;1
12:05:31.881951;0;0;0;0;0;0;1
12:05:31.884952;0;0;0;0;0;0;1
12:05:31.895953;0;0;0;0;0;0;1
12:05:31.896952;0;0;0;0;0;0;1
12:05:31.896952;0;0;0;0;0;0;1
12:05:31.909951;0;0;0;0;0;0;1
12:05:31.910952;0;0;0;0;0;0;1
12:05:31.910952;0;0;0;0;0;0;1
12:05:31.924953;0;0;0;0;0;0;1
12:05:31.924953;0;0;0;0;0;0;1
12:05:31.924953;0;0;0;0;0;0;1
12:05:31.936951;0;0;0;0;0;0;1
12:05:31.936951;0;0;0;0;0;0;1
12:05:31.950953;0;0;0;0;0;0;1
12:05:31.950953;0;0;0;0;0;0;1
12:05:31.950953;0;0;0;0;0;0;1
12:05:31.965952;0;0;0;0;0;0;1
12:05:31.965952;0;0;0;0;0;0;1
12:05:31.965952;0;0;0;0;0;0;1
12:05:31.978541;0;0;0;0;0;0;1
12:05:31.978541;0;0;0;0;0;0;1
12:05:31.993097;0;0;0;0;0;0;1
12:05:31.993097;0;0;0;0;0;0;1
12:05:31.994097;0;0;0;0;0;0;1
12:05:32.005097;0;0;0;0;0;0;1
12:05:32.006098;0;0;0;0;0;0;1
12:05:32.006098;0;0;0;0;0;0;1
12:05:32.020804;0;0;0;0;0;0;1
12:05:32.021805;0;0;0;0;0;0;1
12:05:32.021805;0;0;0;0;0;0;1
12:05:32.033805;0;0;0;0;0;0;1
12:05:32.033805;0;0;0;0;0;0;1
12:05:32.048804;0;0;0;0;0;0;1
12:05:32.048804;0;0;0;0;0;0;1
12:05:32.049805;0;0;0;0;0;0;1
12:05:32.060805;0;0;0;0;0;0;1
12:05:32.061805;0;0;0;0;0;0;1
12:05:32.061805;0;0;0;0;0;0;1
12:05:32.075805;0;0;0;0;0;0;1
12:05:32.076804;0;0;0;0;0;0;1
12:05:32.076804;0;0;0;0;0;0;1
12:05:32.093520;0;0;0;0;0;0;1
12:05:32.093520;0;0;0;0;0;0;1
12:05:32.093520;0;0;0;0;0;0;1
12:05:32.103519;0;0;0;0;0;0;1
12:05:32.103519;0;0;0;0;0;0;1
12:05:32.118518;0;0;0;0;0;0;1
12:05:32.119520;0;0;0;0;0;0;1
12:05:32.119520;0;0;0;0;0;0;1
12:05:32.131517;0;0;0;0;0;0;1
12:05:32.131517;0;0;0;0;0;0;1
12:05:32.132519;0;0;0;0;0;0;1
12:05:32.144519;0;0;0;0;0;0;1
12:05:32.144519;0;0;0;0;0;0;1
12:05:32.145517;0;0;0;0;0;0;1
12:05:32.160129;0;0;0;0;0;0;1
12:05:32.160129;0;0;0;0;0;0;1
12:05:32.161126;0;0;0;0;0;0;1
12:05:32.173128;0;0;0;0;0;0;1
12:05:32.174128;0;0;0;0;0;0;1
12:05:32.188139;0;0;0;0;0;0;1
12:05:32.188139;0;0;0;0;0;0;1
12:05:32.189139;0;0;0;0;0;0;1
12:05:32.201140;0;0;0;0;0;0;1
12:05:32.201140;0;0;0;0;0;0;1
12:05:32.201140;0;0;0;0;0;0;1
12:05:32.214140;0;0;0;0;0;0;1
12:05:32.215140;0;0;0;0;0;0;1
12:05:32.215140;0;0;0;0;0;0;1
12:05:32.230139;0;0;0;0;0;0;1
12:05:32.230139;0;0;0;0;0;0;1
12:05:32.231139;0;0;0;0;0;0;1
12:05:32.242139;0;0;0;0;0;0;1
12:05:32.242139;0;0;0;0;0;0;1
12:05:32.257139;0;0;0;0;0;0;1
12:05:32.257139;0;0;0;0;0;0;1
12:05:32.257139;0;0;0;0;0;0;1
12:05:32.269140;0;0;0;0;0;0;1
12:05:32.270139;0;0;0;0;0;0;1
12:05:32.270139;0;0;0;0;0;0;1
12:05:32.285139;0;0;0;0;0;0;1
12:05:32.285139;0;0;0;0;0;0;1
12:05:32.286139;0;0;0;0;0;0;1
12:05:32.297139;0;0;0;0;0;0;1
12:05:32.297139;0;0;0;0;0;0;1
12:05:32.312139;0;0;0;0;0;0;1
12:05:32.312139;0;0;0;0;0;0;1
12:05:32.312139;0;0;0;0;0;0;1
12:05:32.327139;0;0;0;0;0;0;1
12:05:32.327139;0;0;0;0;0;0;1
12:05:32.328139;0;0;0;0;0;0;1
12:05:32.341139;0;0;0;0;0;0;1
12:05:32.341139;0;0;0;0;0;0;1
12:05:32.342139;0;0;0;0;0;0;1
12:05:32.354139;0;0;0;0;0;0;1
12:05:32.354139;0;0;0;0;0;0;1
12:05:32.355139;0;0;0;0;0;0;1
12:05:32.367138;0;0;0;0;0;0;1
12:05:32.367138;0;0;0;0;0;0;1
12:05:32.381139;0;0;0;0;0;0;1
12:05:32.382140;0;0;0;0;0;0;1
12:05:32.382140;0;0;0;0;0;0;1
12:05:32.395139;0;0;0;0;0;0;1
12:05:32.395139;0;0;0;0;0;0;1
12:05:32.396138;0;0;0;0;0;0;1
12:05:32.410139;0;0;0;0;0;0;1
12:05:32.411140;0;0;0;0;0;0;1
12:05:32.411140;0;0;0;0;0;0;1
12:05:32.423140;0;0;0;0;0;0;1
12:05:32.424140;0;0;0;0;0;0;1
12:05:32.438139;0;0;0;0;0;0;1
12:05:32.439139;0;0;0;0;0;0;1
12:05:32.439139;0;0;0;0;0;0;1
12:05:32.451138;0;0;0;0;0;0;1
12:05:32.452139;0;0;0;0;0;0;1
12:05:32.452139;0;0;0;0;0;0;1
12:05:32.466140;0;0;0;0;0;0;1
12:05:32.467139;0;0;0;0;0;0;1
12:05:32.467139;0;0;0;0;0;0;1
12:05:32.478139;0;0;0;0;0;0;1
12:05:32.479140;0;0;0;0;0;0;1
12:05:32.496139;0;0;0;0;0;0;1
12:05:32.496139;0;0;0;0;0;0;1
12:05:32.496139;0;0;0;0;0;0;1
12:05:32.497139;0;0;0;0;0;0;1
12:05:32.506139;0;0;0;0;0;0;1
12:05:32.507139;0;0;0;0;0;0;1
12:05:32.521140;0;0;0;0;0;0;1
12:05:32.521140;0;0;0;0;0;0;1
12:05:32.521140;0;0;0;0;0;0;1
12:05:32.534140;0;0;0;0;0;0;1
12:05:32.534140;0;0;0;0;0;0;1
12:05:32.535139;0;0;0;0;0;0;1
12:05:32.545140;0;0;0;0;0;0;1
12:05:32.546139;0;0;0;0;0;0;1
12:05:32.562139;0;0;0;0;0;0;1
12:05:32.562139;0;0;0;0;0;0;1
12:05:32.563139;0;0;0;0;0;0;1
12:05:32.577140;0;0;0;0;0;0;1
12:05:32.578139;0;0;0;0;0;0;1
12:05:32.578139;0;0;0;0;0;0;1
12:05:32.589139;0;0;0;0;0;0;1
12:05:32.590140;0;0;0;0;0;0;1
12:05:32.590140;0;0;0;0;0;0;1
12:05:32.604139;0;0;0;0;0;0;1
12:05:32.604139;0;0;0;0;0;0;1
12:05:32.605140;0;0;0;0;0;0;1
12:05:32.616138;0;0;0;0;0;0;1
12:05:32.617138;0;0;0;0;0;0;1
12:05:32.632139;0;0;0;0;0;0;1
12:05:32.633139;0;0;0;0;0;0;1
12:05:32.633139;0;0;0;0;0;0;1
12:05:32.645139;0;0;0;0;0;0;1
12:05:32.646138;0;0;0;0;0;0;1
12:05:32.646138;0;0;0;0;0;0;1
12:05:32.659139;0;0;0;0;0;0;1
12:05:32.659139;0;0;0;0;0;0;1
12:05:32.660138;0;0;0;0;0;0;1
12:05:32.674138;0;0;0;0;0;0;1
12:05:32.675139;0;0;0;0;0;0;1
12:05:32.675139;0;0;0;0;0;0;1
12:05:32.688140;0;0;0;0;0;0;1
12:05:32.688140;0;0;0;0;0;0;1
12:05:32.701142;0;0;0;0;0;0;1
12:05:32.701142;0;0;0;0;0;0;1
12:05:32.701142;0;0;0;0;0;0;1
12:05:32.714831;0;0;0;0;0;0;1
12:05:32.714831;0;0;0;0;0;0;1
12:05:32.714831;0;0;0;0;0;0;1
12:05:32.727831;0;0;0;0;0;0;1
12:05:32.728831;0;0;0;0;0;0;1
12:05:32.742850;0;0;0;0;0;0;1
12:05:32.743832;0;0;0;0;0;0;1
12:05:32.743832;0;0;0;0;0;0;1
12:05:32.756831;0;0;0;0;0;0;1
12:05:32.756831;0;0;0;0;0;0;1
12:05:32.756831;0;0;0;0;0;0;1
12:05:32.769830;0;0;0;0;0;0;1
12:05:32.770831;0;0;0;0;0;0;1
12:05:32.770831;0;0;0;0;0;0;1
12:05:32.783831;0;0;0;0;0;0;1
12:05:32.784426;0;0;0;0;0;0;1
12:05:32.804391;0;0;0;0;0;0;1
12:05:32.804391;0;0;0;0;0;0;1
12:05:32.805393;0;0;0;0;0;0;1
12:05:32.805393;0;0;0;0;0;0;1
12:05:32.806413;0;0;0;0;0;0;1
12:05:32.810392;0;0;0;0;0;0;1
12:05:32.825938;0;0;0;0;0;0;1
12:05:32.825938;0;0;0;0;0;0;1
12:05:32.826938;0;0;0;0;0;0;1
12:05:32.840937;0;0;0;0;0;0;1
12:05:32.840937;0;0;0;0;0;0;1
12:05:32.841938;0;0;0;0;0;0;1
12:05:32.855938;0;0;0;0;0;0;1
12:05:32.855938;0;0;0;0;0;0;1
12:05:32.856937;0;0;0;0;0;0;1
12:05:32.868939;0;0;0;0;0;0;1
12:05:32.868939;0;0;0;0;0;0;1
12:05:32.882801;0;0;0;0;0;0;1
12:05:32.882801;0;0;0;0;0;0;1
12:05:32.883800;0;0;0;0;0;0;1
12:05:32.898801;0;0;0;0;0;0;1
12:05:32.899800;0;0;0;0;0;0;1
12:05:32.899800;0;0;0;0;0;0;1
12:05:32.899800;0;0;0;0;0;0;1
12:05:32.910800;0;0;0;0;0;0;1
12:05:32.910800;0;0;0;0;0;0;1
12:05:32.924800;0;0;0;0;0;0;1
12:05:32.924800;0;0;0;0;0;0;1
12:05:32.925800;0;0;0;0;0;0;1
12:05:32.936801;0;0;0;0;0;0;1
12:05:32.937800;0;0;0;0;0;0;1
12:05:32.950800;0;0;0;0;0;0;1
12:05:32.951800;0;0;0;0;0;0;1
12:05:32.951800;0;0;0;0;0;0;1
12:05:32.964799;0;0;0;0;0;0;1
12:05:32.965800;0;0;0;0;0;0;1
12:05:32.965800;0;0;0;0;0;0;1
12:05:32.980470;0;0;0;0;0;0;1
12:05:32.980470;0;0;0;0;0;0;1
12:05:32.980470;0;0;0;0;0;0;1
12:05:32.994907;0;0;0;0;0;0;1
12:05:32.995908;0;0;0;0;0;0;1
12:05:32.995908;0;0;0;0;0;0;1
12:05:33.011494;0;0;0;0;0;0;1
12:05:33.011494;0;0;0;0;0;0;1
12:05:33.012493;0;0;0;0;0;0;1
12:05:33.020494;0;0;0;0;0;0;1
12:05:33.020494;0;0;0;0;0;0;1
12:05:33.036493;0;0;0;0;0;0;1
12:05:33.037493;0;0;0;0;0;0;1
12:05:33.037493;0;0;0;0;0;0;1
12:05:33.049494;0;0;0;0;0;0;1
12:05:33.050493;0;0;0;0;0;0;1
12:05:33.050493;0;0;0;0;0;0;1
12:05:33.061492;0;0;0;0;0;0;1
12:05:33.061492;0;0;0;0;0;0;1
12:05:33.074496;0;0;0;0;0;0;1
12:05:33.074496;0;0;0;0;0;0;1
12:05:33.075494;0;0;0;0;0;0;1
12:05:33.091493;0;0;0;0;0;0;1
12:05:33.092493;0;0;0;0;0;0;1
12:05:33.092493;0;0;0;0;0;0;1
12:05:33.104492;0;0;0;0;0;0;1
12:05:33.104492;0;0;0;0;0;0;1
12:05:33.105493;0;0;0;0;0;0;1
12:05:33.118493;0;0;0;0;0;0;1
12:05:33.118493;0;0;0;0;0;0;1
12:05:33.133494;0;0;0;0;0;0;1
12:05:33.134493;0;0;0;0;0;0;1
12:05:33.134493;0;0;0;0;0;0;1
12:05:33.145494;0;0;0;0;0;0;1
12:05:33.146494;0;0;0;0;0;0;1
12:05:33.146494;0;0;0;0;0;0;1
12:05:33.160493;0;0;0;0;0;0;1
12:05:33.161494;0;0;0;0;0;0;1
12:05:33.161494;0;0;0;0;0;0;1
12:05:33.174494;0;0;0;0;0;0;1
12:05:33.175494;0;0;0;0;0;0;1
12:05:33.175494;0;0;0;0;0;0;1
12:05:33.189496;0;0;0;0;0;0;1
12:05:33.189496;0;0;0;0;0;0;1
12:05:33.190493;0;0;0;0;0;0;1
12:05:33.201494;0;0;0;0;0;0;1
12:05:33.201494;0;0;0;0;0;0;1
12:05:33.216494;0;0;0;0;0;0;1
12:05:33.216494;0;0;0;0;0;0;1
12:05:33.216494;0;0;0;0;0;0;1
12:05:33.228493;0;0;0;0;0;0;1
12:05:33.228493;0;0;0;0;0;0;1
12:05:33.242493;0;0;0;0;0;0;1
12:05:33.242493;0;0;0;0;0;0;1
12:05:33.243494;0;0;0;0;0;0;1
12:05:33.257493;0;0;0;0;0;0;1
12:05:33.257493;0;0;0;0;0;0;1
12:05:33.257493;0;0;0;0;0;0;1
12:05:33.270494;0;0;0;0;0;0;1
12:05:33.270494;0;0;0;0;0;0;1
12:05:33.271493;0;0;0;0;0;0;1
12:05:33.283494;0;0;0;0;0;0;1
12:05:33.284494;0;0;0;0;0;0;1
12:05:33.311518;0;0;0;0;0;0;1
12:05:33.312495;0;0;0;0;0;0;1
12:05:33.312495;0;0;0;0;0;0;1
12:05:33.313493;0;0;0;0;0;0;1
12:05:33.313493;0;0;0;0;0;0;1
12:05:33.314493;0;0;0;0;0;0;1
12:05:33.318495;0;0;0;0;0;0;1
12:05:33.329495;0;0;0;0;0;0;1
12:05:33.330494;0;0;0;0;0;0;1
12:05:33.330494;0;0;0;0;0;0;1
12:05:33.343494;0;0;0;0;0;0;1
12:05:33.344494;0;0;0;0;0;0;1
12:05:33.366494;0;0;0;0;0;0;1
12:05:33.367494;0;0;0;0;0;0;1
12:05:33.367494;0;0;0;0;0;0;1
12:05:33.367494;0;0;0;0;0;0;1
12:05:33.368493;0;0;0;0;0;0;1
12:05:33.372495;0;0;0;0;0;0;1
12:05:33.386368;0;0;0;0;0;0;1
12:05:33.386368;0;0;0;0;0;0;1
12:05:33.386368;0;0;0;0;0;0;1
12:05:33.400369;0;0;0;0;0;0;1
12:05:33.400369;0;0;0;0;0;0;1
12:05:33.400369;0;0;0;0;0;0;1
12:05:33.414368;0;0;0;0;0;0;1
12:05:33.414368;0;0;0;0;0;0;1
12:05:33.414368;0;0;0;0;0;0;1
12:05:33.427368;0;0;0;0;0;0;1
12:05:33.428368;0;0;0;0;0;0;1
12:05:33.441368;0;0;0;0;0;0;1
12:05:33.442368;0;0;0;0;0;0;1
12:05:33.442368;0;0;0;0;0;0;1
12:05:33.455368;0;0;0;0;0;0;1
12:05:33.456368;0;0;0;0;0;0;1
12:05:33.456368;0;0;0;0;0;0;1
12:05:33.470369;0;0;0;0;0;0;1
12:05:33.470369;0;0;0;0;0;0;1
12:05:33.470369;0;0;0;0;0;0;1
12:05:33.483367;0;0;0;0;0;0;1
12:05:33.484368;0;0;0;0;0;0;1
12:05:33.499367;0;0;0;0;0;0;1
12:05:33.499367;0;0;0;0;0;0;1
12:05:33.500367;0;0;0;0;0;0;1
12:05:33.500367;0;0;0;0;0;0;1
12:05:33.507367;0;0;0;0;0;0;1
12:05:33.525369;0;0;0;0;0;0;1
12:05:33.525369;0;0;0;0;0;0;1
12:05:33.526368;0;0;0;0;0;0;1
12:05:33.526368;0;0;0;0;0;0;1
12:05:33.540368;0;0;0;0;0;0;1
12:05:33.540368;0;0;0;0;0;0;1
12:05:33.540368;0;0;0;0;0;0;1
12:05:33.553370;0;0;0;0;0;0;1
12:05:33.553370;0;0;0;0;0;0;1
12:05:33.565368;0;0;0;0;0;0;1
12:05:33.565368;0;0;0;0;0;0;1
12:05:33.565368;0;0;0;0;0;0;1
12:05:33.581368;0;0;0;0;0;0;1
12:05:33.581368;0;0;0;0;0;0;1
12:05:33.581368;0;0;0;0;0;0;1
12:05:33.595368;0;0;0;0;0;0;1
12:05:33.595368;0;0;0;0;0;0;1
12:05:33.595368;0;0;0;0;0;0;1
12:05:33.609020;0;0;0;0;0;0;1
12:05:33.609020;0;0;0;0;0;0;1
12:05:33.623021;0;0;0;0;0;0;1
12:05:33.623021;0;0;0;0;0;0;1
12:05:33.623021;0;0;0;0;0;0;1
12:05:33.637022;0;0;0;0;0;0;1
12:05:33.637022;0;0;0;0;0;0;1
12:05:33.637022;0;0;0;0;0;0;1
12:05:33.650021;0;0;0;0;0;0;1
12:05:33.650021;0;0;0;0;0;0;1
12:05:33.651021;0;0;0;0;0;0;1
12:05:33.663020;0;0;0;0;0;0;1
12:05:33.663020;0;0;0;0;0;0;1
12:05:33.677021;0;0;0;0;0;0;1
12:05:33.677021;0;0;0;0;0;0;1
12:05:33.678022;0;0;0;0;0;0;1
12:05:33.692021;0;0;0;0;0;0;1
12:05:33.692021;0;0;0;0;0;0;1
12:05:33.693021;0;0;0;0;0;0;1
12:05:33.705021;0;0;0;0;0;0;1
12:05:33.705021;0;0;0;0;0;0;1
12:05:33.705021;0;0;0;0;0;0;1
12:05:33.720021;0;0;0;0;0;0;1
12:05:33.720021;0;0;0;0;0;0;1
12:05:33.720021;0;0;0;0;0;0;1
12:05:33.733021;0;0;0;0;0;0;1
12:05:33.733021;0;0;0;0;0;0;1
12:05:33.747021;0;0;0;0;0;0;1
12:05:33.747021;0;0;0;0;0;0;1
12:05:33.747021;0;0;0;0;0;0;1
12:05:33.762022;0;0;0;0;0;0;1
12:05:33.762022;0;0;0;0;0;0;1
12:05:33.763021;0;0;0;0;0;0;1
12:05:33.776021;0;0;0;0;0;0;1
12:05:33.776021;0;0;0;0;0;0;1
12:05:33.777020;0;0;0;0;0;0;1
12:05:33.790022;0;0;0;0;0;0;1
12:05:33.791021;0;0;0;0;0;0;1
12:05:33.791021;0;0;0;0;0;0;1
12:05:33.803021;0;0;0;0;0;0;1
12:05:33.803021;0;0;0;0;0;0;1
12:05:33.816021;0;0;0;0;0;0;1
12:05:33.817022;0;0;0;0;0;0;1
12:05:33.817022;0;0;0;0;0;0;1
12:05:33.829858;0;0;0;0;0;0;1
12:05:33.829858;0;0;0;0;0;0;1
12:05:33.829858;0;0;0;0;0;0;1
12:05:33.849859;0;0;0;0;0;0;1
12:05:33.849859;0;0;0;0;0;0;1
12:05:33.850859;0;0;0;0;0;0;1
12:05:33.850859;0;0;0;0;0;0;1
12:05:33.857858;0;0;0;0;0;0;1
12:05:33.870859;0;0;0;0;0;0;1
12:05:33.871857;0;0;0;0;0;0;1
12:05:33.871857;0;0;0;0;0;0;1
12:05:33.888445;0;0;0;0;0;0;1
12:05:33.888445;0;0;0;0;0;0;1
12:05:33.889445;0;0;0;0;0;0;1
12:05:33.899445;0;0;0;0;0;0;1
12:05:33.899445;0;0;0;0;0;0;1
12:05:33.899445;0;0;0;0;0;0;1
12:05:33.913071;0;0;0;0;0;0;1
12:05:33.913071;0;0;0;0;0;0;1
12:05:33.928240;0;0;0;0;0;0;1
12:05:33.928240;0;0;0;0;0;0;1
12:05:33.928240;0;0;0;0;0;0;1
12:05:33.940030;0;0;0;0;0;0;1
12:05:33.941031;0;0;0;0;0;0;1
12:05:33.941031;0;0;0;0;0;0;1
12:05:33.955008;0;0;0;0;0;0;1
12:05:33.955008;0;0;0;0;0;0;1
12:05:33.956008;0;0;0;0;0;0;1
12:05:33.968931;0;0;0;0;0;0;1
12:05:33.969930;0;0;0;0;0;0;1
12:05:33.969930;0;0;0;0;0;0;1
12:05:33.984527;0;0;0;0;0;0;1
12:05:33.984527;0;0;0;0;0;0;1
12:05:33.984527;0;0;0;0;0;0;1
12:05:33.996043;0;0;0;0;0;0;1
12:05:33.997044;0;0;0;0;0;0;1
12:05:34.012043;0;0;0;0;0;0;1
12:05:34.012043;0;0;0;0;0;0;1
12:05:34.013044;0;0;0;0;0;0;1
12:05:34.024044;0;0;0;0;0;0;1
12:05:34.024044;0;0;0;0;0;0;1
12:05:34.038044;0;0;0;0;0;0;1
12:05:34.038044;0;0;0;0;0;0;1
12:05:34.039044;0;0;0;0;0;0;1
12:05:34.051044;0;0;0;0;0;0;1
12:05:34.052044;0;0;0;0;0;0;1
12:05:34.052044;0;0;0;0;0;0;1
12:05:34.068044;0;0;0;0;0;0;1
12:05:34.068044;0;0;0;0;0;0;1
12:05:34.068044;0;0;0;0;0;0;1
12:05:34.079044;0;0;0;0;0;0;1
12:05:34.079044;0;0;0;0;0;0;1
12:05:34.080044;0;0;0;0;0;0;1
12:05:34.093045;0;0;0;0;0;0;1
12:05:34.093045;0;0;0;0;0;0;1
12:05:34.110043;0;0;0;0;0;0;1
12:05:34.111044;0;0;0;0;0;0;1
12:05:34.111044;0;0;0;0;0;0;1
12:05:34.112044;0;0;0;0;0;0;1
12:05:34.122045;0;0;0;0;0;0;1
12:05:34.122045;0;0;0;0;0;0;1
12:05:34.137071;0;0;0;0;0;0;1
12:05:34.138043;0;0;0;0;0;0;1
12:05:34.138043;0;0;0;0;0;0;1
12:05:34.149044;0;0;0;0;0;0;1
12:05:34.150044;0;0;0;0;0;0;1
12:05:34.150044;0;0;0;0;0;0;1
12:05:34.163044;0;0;0;0;0;0;1
12:05:34.163044;0;0;0;0;0;0;1
12:05:34.177044;0;0;0;0;0;0;1
12:05:34.177044;0;0;0;0;0;0;1
12:05:34.178044;0;0;0;0;0;0;1
12:05:34.191302;0;0;0;0;0;0;1
12:05:34.191302;0;0;0;0;0;0;1
12:05:34.192303;0;0;0;0;0;0;1
12:05:34.206303;0;0;0;0;0;0;1
12:05:34.206303;0;0;0;0;0;0;1
12:05:34.206303;0;0;0;0;0;0;1
12:05:34.220303;0;0;0;0;0;0;1
12:05:34.220303;0;0;0;0;0;0;1
12:05:34.220303;0;0;0;0;0;0;1
12:05:34.232303;0;0;0;0;0;0;1
12:05:34.233303;0;0;0;0;0;0;1
12:05:34.248302;0;0;0;0;0;0;1
12:05:34.248302;0;0;0;0;0;0;1
12:05:34.249303;0;0;0;0;0;0;1
12:05:34.259303;0;0;0;0;0;0;1
12:05:34.260303;0;0;0;0;0;0;1
12:05:34.260303;0;0;0;0;0;0;1
12:05:34.274303;0;0;0;0;0;0;1
12:05:34.275304;0;0;0;0;0;0;1
12:05:34.275304;0;0;0;0;0;0;1
12:05:34.290303;0;0;0;0;0;0;1
12:05:34.290303;0;0;0;0;0;0;1
12:05:34.290303;0;0;0;0;0;0;1
12:05:34.302303;0;0;0;0;0;0;1
12:05:34.302303;0;0;0;0;0;0;1
12:05:34.315303;0;0;0;0;0;0;1
12:05:34.315303;0;0;0;0;0;0;1
12:05:34.316303;0;0;0;0;0;0;1
12:05:34.330303;0;0;0;0;0;0;1
12:05:34.330303;0;0;0;0;0;0;1
12:05:34.331303;0;0;0;0;0;0;1
12:05:34.345303;0;0;0;0;0;0;1
12:05:34.345303;0;0;0;0;0;0;1
12:05:34.345303;0;0;0;0;0;0;1
12:05:34.357303;0;0;0;0;0;0;1
12:05:34.358304;0;0;0;0;0;0;1
12:05:34.372303;0;0;0;0;0;0;1
12:05:34.372303;0;0;0;0;0;0;1
12:05:34.372303;0;0;0;0;0;0;1
12:05:34.387207;0;0;0;0;0;0;1
12:05:34.387207;0;0;0;0;0;0;1
12:05:34.387207;0;0;0;0;0;0;1
12:05:34.400206;0;0;0;0;0;0;1
12:05:34.400206;0;0;0;0;0;0;1
12:05:34.401206;0;0;0;0;0;0;1
12:05:34.414207;0;0;0;0;0;0;1
12:05:34.414207;0;0;0;0;0;0;1
12:05:34.415207;0;0;0;0;0;0;1
12:05:34.427208;0;0;0;0;0;0;1
12:05:34.428206;0;0;0;0;0;0;1
12:05:34.440205;0;0;0;0;0;0;1
12:05:34.441207;0;0;0;0;0;0;1
12:05:34.441207;0;0;0;0;0;0;1
12:05:34.454205;0;0;0;0;0;0;1
12:05:34.455226;0;0;0;0;0;0;1
12:05:34.455226;0;0;0;0;0;0;1
12:05:34.468205;0;0;0;0;0;0;1
12:05:34.468205;0;0;0;0;0;0;1
12:05:34.483742;0;0;0;0;0;0;1
12:05:34.483742;0;0;0;0;0;0;1
12:05:34.484760;0;0;0;0;0;0;1
12:05:34.498366;0;0;0;0;0;0;1
12:05:34.498366;0;0;0;0;0;0;1
12:05:34.499365;0;0;0;0;0;0;1
12:05:34.512365;0;0;0;0;0;0;1
12:05:34.513366;0;0;0;0;0;0;1
12:05:34.513366;0;0;0;0;0;0;1
12:05:34.528889;0;0;0;0;0;0;1
12:05:34.529822;0;0;0;0;0;0;1
12:05:34.533822;0;0;0;0;0;0;1
12:05:34.534822;0;0;0;0;0;0;1
12:05:34.534822;0;0;0;0;0;0;1
12:05:34.552803;0;0;0;0;0;0;1
12:05:34.553802;0;0;0;0;0;0;1
12:05:34.553802;0;0;0;0;0;0;1
12:05:34.566807;0;0;0;0;0;0;1
12:05:34.566807;0;0;0;0;0;0;1
12:05:34.567802;0;0;0;0;0;0;1
12:05:34.580355;0;0;0;0;0;0;1
12:05:34.581355;0;0;0;0;0;0;1
12:05:34.581355;0;0;0;0;0;0;1
12:05:34.595650;0;0;0;0;0;0;1
12:05:34.595650;0;0;0;0;0;0;1
12:05:34.595650;0;0;0;0;0;0;1
12:05:34.607651;0;0;0;0;0;0;1
12:05:34.607651;0;0;0;0;0;0;1
12:05:34.621651;0;0;0;0;0;0;1
12:05:34.621651;0;0;0;0;0;0;1
12:05:34.621651;0;0;0;0;0;0;1
12:05:34.635821;0;0;0;0;0;0;1
12:05:34.636821;0;0;0;0;0;0;1
12:05:34.636821;0;0;0;0;0;0;1
12:05:34.650820;0;0;0;0;0;0;1
12:05:34.650820;0;0;0;0;0;0;1
12:05:34.651822;0;0;0;0;0;0;1
12:05:34.664821;0;0;0;0;0;0;1
12:05:34.664821;0;0;0;0;0;0;1
12:05:34.665821;0;0;0;0;0;0;1
12:05:34.677359;0;0;0;0;0;0;1
12:05:34.677359;0;0;0;0;0;0;1
12:05:34.691360;0;0;0;0;0;0;1
12:05:34.692359;0;0;0;0;0;0;1
12:05:34.692359;0;0;0;0;0;0;1
12:05:34.705359;0;0;0;0;0;0;1
12:05:34.706359;0;0;0;0;0;0;1
12:05:34.706359;0;0;0;0;0;0;1
12:05:34.718359;0;0;0;0;0;0;1
12:05:34.719360;0;0;0;0;0;0;1
12:05:34.733045;0;0;0;0;0;0;1
12:05:34.733045;0;0;0;0;0;0;1
12:05:34.733045;0;0;0;0;0;0;1
12:05:34.746046;0;0;0;0;0;0;1
12:05:34.747044;0;0;0;0;0;0;1
12:05:34.747044;0;0;0;0;0;0;1
12:05:34.762044;0;0;0;0;0;0;1
12:05:34.762044;0;0;0;0;0;0;1
12:05:34.763044;0;0;0;0;0;0;1
12:05:34.774045;0;0;0;0;0;0;1
12:05:34.774045;0;0;0;0;0;0;1
12:05:34.775044;0;0;0;0;0;0;1
12:05:34.789044;0;0;0;0;0;0;1
12:05:34.789044;0;0;0;0;0;0;1
12:05:34.803045;0;0;0;0;0;0;1
12:05:34.803045;0;0;0;0;0;0;1
12:05:34.804044;0;0;0;0;0;0;1
12:05:34.817045;0;0;0;0;0;0;1
12:05:34.818044;0;0;0;0;0;0;1
12:05:34.818044;0;0;0;0;0;0;1
12:05:34.830934;0;0;0;0;0;0;1
12:05:34.830934;0;0;0;0;0;0;1
12:05:34.830934;0;0;0;0;0;0;1
12:05:34.844934;0;0;0;0;0;0;1
12:05:34.844934;0;0;0;0;0;0;1
12:05:34.844934;0;0;0;0;0;0;1
12:05:34.858933;0;0;0;0;0;0;1
12:05:34.858933;0;0;0;0;0;0;1
12:05:34.872933;0;0;0;0;0;0;1
12:05:34.872933;0;0;0;0;0;0;1
12:05:34.873934;0;0;0;0;0;0;1
12:05:34.887637;0;0;0;0;0;0;1
12:05:34.887637;0;0;0;0;0;0;1
12:05:34.887637;0;0;0;0;0;0;1
12:05:34.899240;0;0;0;0;0;0;1
12:05:34.900240;0;0;0;0;0;0;1
12:05:34.900240;0;0;0;0;0;0;1
12:05:34.915240;0;0;0;0;0;0;1
12:05:34.915240;0;0;0;0;0;0;1
12:05:34.916240;0;0;0;0;0;0;1
12:05:34.929240;0;0;0;0;0;0;1
12:05:34.930276;0;0;0;0;0;0;1
12:05:34.930276;0;0;0;0;0;0;1
12:05:34.941273;0;0;0;0;0;0;1
12:05:34.941273;0;0;0;0;0;0;1
12:05:34.955272;0;0;0;0;0;0;1
12:05:34.955272;0;0;0;0;0;0;1
12:05:34.956273;0;0;0;0;0;0;1
12:05:34.970273;0;0;0;0;0;0;1
12:05:34.970273;0;0;0;0;0;0;1
12:05:34.970273;0;0;0;0;0;0;1
12:05:34.983821;0;0;0;0;0;0;1
12:05:34.984821;0;0;0;0;0;0;1
12:05:34.984821;0;0;0;0;0;0;1
12:05:34.997820;0;0;0;0;0;0;1
12:05:34.998821;0;0;0;0;0;0;1
12:05:35.012836;0;0;0;0;0;0;1
12:05:35.012836;0;0;0;0;0;0;1
12:05:35.013828;0;0;0;0;0;0;1
12:05:35.024833;0;0;0;0;0;0;1
12:05:35.024833;0;0;0;0;0;0;1
12:05:35.025821;0;0;0;0;0;0;1
12:05:35.037821;0;0;0;0;0;0;1
12:05:35.037821;0;0;0;0;0;0;1
12:05:35.052822;0;0;0;0;0;0;1
12:05:35.053822;0;0;0;0;0;0;1
12:05:35.053822;0;0;0;0;0;0;1
12:05:35.065821;0;0;0;0;0;0;1
12:05:35.065821;0;0;0;0;0;0;1
12:05:35.065821;0;0;0;0;0;0;1
12:05:35.081841;0;0;0;0;0;0;1
12:05:35.081841;0;0;0;0;0;0;1
12:05:35.082842;0;0;0;0;0;0;1
12:05:35.092841;0;0;0;0;0;0;1
12:05:35.093843;0;0;0;0;0;0;1
12:05:35.107842;0;0;0;0;0;0;1
12:05:35.107842;0;0;0;0;0;0;1
12:05:35.107842;0;0;0;0;0;0;1
12:05:35.121843;0;0;0;0;0;0;1
12:05:35.121843;0;0;0;0;0;0;1
12:05:35.121843;0;0;0;0;0;0;1
12:05:35.133842;0;0;0;0;0;0;1
12:05:35.134843;0;0;0;0;0;0;1
12:05:35.134843;0;0;0;0;0;0;1
12:05:35.148842;0;0;0;0;0;0;1
12:05:35.148842;0;0;0;0;0;0;1
12:05:35.163841;0;0;0;0;0;0;1
12:05:35.164842;0;0;0;0;0;0;1
12:05:35.164842;0;0;0;0;0;0;1
12:05:35.179078;0;0;0;0;0;0;1
12:05:35.180077;0;0;0;0;0;0;1
12:05:35.180077;0;0;0;0;0;0;1
12:05:35.180077;0;0;0;0;0;0;1
12:05:35.192078;0;0;0;0;0;0;1
12:05:35.193077;0;0;0;0;0;0;1
12:05:35.204078;0;0;0;0;0;0;1
12:05:35.205077;0;0;0;0;0;0;1
12:05:35.205077;0;0;0;0;0;0;1
12:05:35.220078;0;0;0;0;0;0;1
12:05:35.220078;0;0;0;0;0;0;1
12:05:35.220078;0;0;0;0;0;0;1
12:05:35.233078;0;0;0;0;0;0;1
12:05:35.233078;0;0;0;0;0;0;1
12:05:35.248077;0;0;0;0;0;0;1
12:05:35.248077;0;0;0;0;0;0;1
12:05:35.249076;0;0;0;0;0;0;1
12:05:35.260078;0;0;0;0;0;0;1
12:05:35.261077;0;0;0;0;0;0;1
12:05:35.261077;0;0;0;0;0;0;1
12:05:35.274687;0;0;0;0;0;0;1
12:05:35.275687;0;0;0;0;0;0;1
12:05:35.275687;0;0;0;0;0;0;1
12:05:35.288451;0;0;0;0;0;0;1
12:05:35.289188;0;0;0;0;0;0;1
12:05:35.302212;0;0;0;0;0;0;1
12:05:35.303212;0;0;0;0;0;0;1
12:05:35.303212;0;0;0;0;0;0;1
12:05:35.318700;0;0;0;0;0;0;1
12:05:35.318700;0;0;0;0;0;0;1
12:05:35.319700;0;0;0;0;0;0;1
12:05:35.330675;0;0;0;0;0;0;1
12:05:35.330675;0;0;0;0;0;0;1
12:05:35.330675;0;0;0;0;0;0;1
12:05:35.344050;0;0;0;0;0;0;1
12:05:35.345049;0;0;0;0;0;0;1
12:05:35.345049;0;0;0;0;0;0;1
12:05:35.358050;0;0;0;0;0;0;1
12:05:35.358050;0;0;0;0;0;0;1
12:05:35.372050;0;0;0;0;0;0;1
12:05:35.372050;0;0;0;0;0;0;1
12:05:35.373049;0;0;0;0;0;0;1
12:05:35.382691;0;0;0;0;0;0;1
12:05:35.383338;0;0;0;0;0;0;1
12:05:35.397972;0;0;0;0;0;0;1
12:05:35.398971;0;0;0;0;0;0;1
12:05:35.398971;0;0;0;0;0;0;1
12:05:35.412656;0;0;0;0;0;0;1
12:05:35.413654;0;0;0;0;0;0;1
12:05:35.413654;0;0;0;0;0;0;1
12:05:35.426656;0;0;0;0;0;0;1
12:05:35.426656;0;0;0;0;0;0;1
12:05:35.427655;0;0;0;0;0;0;1
12:05:35.439656;0;0;0;0;0;0;1
12:05:35.440655;0;0;0;0;0;0;1
12:05:35.440655;0;0;0;0;0;0;1
12:05:35.455656;0;0;0;0;0;0;1
12:05:35.456654;0;0;0;0;0;0;1
12:05:35.456654;0;0;0;0;0;0;1
12:05:35.469655;0;0;0;0;0;0;1
12:05:35.469655;0;0;0;0;0;0;1
12:05:35.469655;0;0;0;0;0;0;1
12:05:35.482656;0;0;0;0;0;0;1
12:05:35.482656;0;0;0;0;0;0;1
12:05:35.495655;0;0;0;0;0;0;1
12:05:35.496655;0;0;0;0;0;0;1
12:05:35.496655;0;0;0;0;0;0;1
12:05:35.511654;0;0;0;0;0;0;1
12:05:35.511654;0;0;0;0;0;0;1
12:05:35.512655;0;0;0;0;0;0;1
12:05:35.524655;0;0;0;0;0;0;1
12:05:35.524655;0;0;0;0;0;0;1
12:05:35.524655;0;0;0;0;0;0;1
12:05:35.537656;0;0;0;0;0;0;1
12:05:35.538655;0;0;0;0;0;0;1
12:05:35.550654;0;0;0;0;0;0;1
12:05:35.551655;0;0;0;0;0;0;1
12:05:35.551655;0;0;0;0;0;0;1
12:05:35.564655;0;0;0;0;0;0;1
12:05:35.565654;0;0;0;0;0;0;1
12:05:35.565654;0;0;0;0;0;0;1
12:05:35.580656;0;0;0;0;0;0;1
12:05:35.580656;0;0;0;0;0;0;1
12:05:35.581654;0;0;0;0;0;0;1
12:05:35.594655;0;0;0;0;0;0;1
12:05:35.594655;0;0;0;0;0;0;1
12:05:35.594655;0;0;0;0;0;0;1
12:05:35.607656;0;0;0;0;0;0;1
12:05:35.608655;0;0;0;0;0;0;1
12:05:35.620656;0;0;0;0;0;0;1
12:05:35.621655;0;0;0;0;0;0;1
12:05:35.621655;0;0;0;0;0;0;1
12:05:35.634654;0;0;0;0;0;0;1
12:05:35.634654;0;0;0;0;0;0;1
12:05:35.635655;0;0;0;0;0;0;1
12:05:35.649655;0;0;0;0;0;0;1
12:05:35.650656;0;0;0;0;0;0;1
12:05:35.650656;0;0;0;0;0;0;1
12:05:35.663654;0;0;0;0;0;0;1
12:05:35.663654;0;0;0;0;0;0;1
12:05:35.676655;0;0;0;0;0;0;1
12:05:35.676655;0;0;0;0;0;0;1
12:05:35.677655;0;0;0;0;0;0;1
12:05:35.689656;0;0;0;0;0;0;1
12:05:35.690655;0;0;0;0;0;0;1
12:05:35.690655;0;0;0;0;0;0;1
12:05:35.705656;0;0;0;0;0;0;1
12:05:35.706655;0;0;0;0;0;0;1
12:05:35.706655;0;0;0;0;0;0;1
12:05:35.720655;0;0;0;0;0;0;1
12:05:35.720655;0;0;0;0;0;0;1
12:05:35.721654;0;0;0;0;0;0;1
12:05:35.731656;0;0;0;0;0;0;1
12:05:35.732655;0;0;0;0;0;0;1
12:05:35.747655;0;0;0;0;0;0;1
12:05:35.747655;0;0;0;0;0;0;1
12:05:35.747655;0;0;0;0;0;0;1
12:05:35.760657;0;0;0;0;0;0;1
12:05:35.760657;0;0;0;0;0;0;1
12:05:35.761655;0;0;0;0;0;0;1
12:05:35.774656;0;0;0;0;0;0;1
12:05:35.774656;0;0;0;0;0;0;1
12:05:35.774656;0;0;0;0;0;0;1
12:05:35.787654;0;0;0;0;0;0;1
12:05:35.787654;0;0;0;0;0;0;1
12:05:35.802655;0;0;0;0;0;0;1
12:05:35.803655;0;0;0;0;0;0;1
12:05:35.803655;0;0;0;0;0;0;1
12:05:35.816656;0;0;0;0;0;0;1
12:05:35.817655;0;0;0;0;0;0;1
12:05:35.817655;0;0;0;0;0;0;1
12:05:35.830655;0;0;0;0;0;0;1
12:05:35.830655;0;0;0;0;0;0;1
12:05:35.830655;0;0;0;0;0;0;1
12:05:35.843656;0;0;0;0;0;0;1
12:05:35.843656;0;0;0;0;0;0;1
12:05:35.857654;0;0;0;0;0;0;1
12:05:35.857654;0;0;0;0;0;0;1
12:05:35.857654;0;0;0;0;0;0;1
12:05:35.870654;0;0;0;0;0;0;1
12:05:35.870654;0;0;0;0;0;0;1
12:05:35.871655;0;0;0;0;0;0;1
12:05:35.886655;0;0;0;0;0;0;1
12:05:35.886655;0;0;0;0;0;0;1
12:05:35.886655;0;0;0;0;0;0;1
12:05:35.899655;0;0;0;0;0;0;1
12:05:35.899655;0;0;0;0;0;0;1
12:05:35.900656;0;0;0;0;0;0;1
12:05:35.912670;0;0;0;0;0;0;1
12:05:35.913655;0;0;0;0;0;0;1
12:05:35.927656;0;0;0;0;0;0;1
12:05:35.928655;0;0;0;0;0;0;1
12:05:35.928655;0;0;0;0;0;0;1
12:05:35.940655;0;0;0;0;0;0;1
12:05:35.941655;0;0;0;0;0;0;1
12:05:35.941655;0;0;0;0;0;0;1
12:05:35.954655;0;0;0;0;0;0;1
12:05:35.954655;0;0;0;0;0;0;1
12:05:35.954655;0;0;0;0;0;0;1
12:05:35.967675;0;0;0;0;0;0;1
12:05:35.968656;0;0;0;0;0;0;1
12:05:35.983467;0;0;0;0;0;0;1
12:05:35.983467;0;0;0;0;0;0;1
12:05:35.984466;0;0;0;0;0;0;1
12:05:35.996486;0;0;0;0;0;0;1
12:05:35.997466;0;0;0;0;0;0;1
12:05:35.997466;0;0;0;0;0;0;1
12:05:36.010467;0;0;0;0;0;0;1
12:05:36.010467;0;0;0;0;0;0;1
12:05:36.010467;0;0;0;0;0;0;1
12:05:36.023468;0;0;0;0;0;0;1
12:05:36.024466;0;0;0;0;0;0;1
12:05:36.038467;0;0;0;0;0;0;1
12:05:36.039465;0;0;0;0;0;0;1
12:05:36.043032;0;0;0;0;0;0;1
12:05:36.053032;0;0;0;0;0;0;1
12:05:36.053032;0;0;0;0;0;0;1
12:05:36.054033;0;0;0;0;0;0;1
12:05:36.066055;0;0;0;0;0;0;1
12:05:36.067033;0;0;0;0;0;0;1
12:05:36.067033;0;0;0;0;0;0;1
12:05:36.080033;0;0;0;0;0;0;1
12:05:36.080033;0;0;0;0;0;0;1
12:05:36.080033;0;0;0;0;0;0;1
12:05:36.093033;0;0;0;0;0;0;1
12:05:36.093033;0;0;0;0;0;0;1
12:05:36.108052;0;0;0;0;0;0;1
12:05:36.109032;0;0;0;0;0;0;1
12:05:36.109032;0;0;0;0;0;0;1
12:05:36.124033;0;0;0;0;0;0;1
12:05:36.124033;0;0;0;0;0;0;1
12:05:36.124033;0;0;0;0;0;0;1
12:05:36.135032;0;0;0;0;0;0;1
12:05:36.135032;0;0;0;0;0;0;1
12:05:36.135032;0;0;0;0;0;0;1
12:05:36.150052;0;0;0;0;0;0;1
12:05:36.151033;0;0;0;0;0;0;1
12:05:36.151033;0;0;0;0;0;0;1
12:05:36.164033;0;0;0;0;0;0;1
12:05:36.164033;0;0;0;0;0;0;1
12:05:36.177033;0;0;0;0;0;0;1
12:05:36.177033;0;0;0;0;0;0;1
12:05:36.177033;0;0;0;0;0;0;1
12:05:36.190032;0;0;0;0;0;0;1
12:05:36.190032;0;0;0;0;0;0;1
12:05:36.191033;0;0;0;0;0;0;1
12:05:36.206033;0;0;0;0;0;0;1
12:05:36.206033;0;0;0;0;0;0;1
12:05:36.206033;0;0;0;0;0;0;1
12:05:36.219033;0;0;0;0;0;0;1
12:05:36.219033;0;0;0;0;0;0;1
12:05:36.220032;0;0;0;0;0;0;1
12:05:36.232033;0;0;0;0;0;0;1
12:05:36.233032;0;0;0;0;0;0;1
12:05:36.248031;0;0;0;0;0;0;1
12:05:36.248031;0;0;0;0;0;0;1
12:05:36.249037;0;0;0;0;0;0;1
12:05:36.262033;0;0;0;0;0;0;1
12:05:36.262033;0;0;0;0;0;0;1
12:05:36.262033;0;0;0;0;0;0;1
12:05:36.287034;0;0;0;0;0;0;1
12:05:36.288032;0;0;0;0;0;0;1
12:05:36.289034;0;0;0;0;0;0;1
12:05:36.289034;0;0;0;0;0;0;1
12:05:36.290033;0;0;0;0;0;0;1
12:05:36.296035;0;0;0;0;0;0;1
12:05:36.297033;0;0;0;0;0;0;1
12:05:36.311033;0;0;0;0;0;0;1
12:05:36.312033;0;0;0;0;0;0;1
12:05:36.313033;0;0;0;0;0;0;1
12:05:36.328060;0;0;0;0;0;0;1
12:05:36.329058;0;0;0;0;0;0;1
12:05:36.330034;0;0;0;0;0;0;1
12:05:36.337034;0;0;0;0;0;0;1
12:05:36.339033;0;0;0;0;0;0;1
12:05:36.354033;0;0;0;0;0;0;1
12:05:36.355033;0;0;0;0;0;0;1
12:05:36.356034;0;0;0;0;0;0;1
12:05:36.357034;0;0;0;0;0;0;1
12:05:36.368033;0;0;0;0;0;0;1
12:05:36.370052;0;0;0;0;0;0;1
12:05:36.382032;0;0;0;0;0;0;1
12:05:36.383033;0;0;0;0;0;0;1
12:05:36.384033;0;0;0;0;0;0;1
12:05:36.397033;0;0;0;0;0;0;1
12:05:36.398033;0;0;0;0;0;0;1
12:05:36.399032;0;0;0;0;0;0;1
12:05:36.409032;0;0;0;0;0;0;1
12:05:36.410032;0;0;0;0;0;0;1
12:05:36.411032;0;0;0;0;0;0;1
12:05:36.424033;0;0;0;0;0;0;1
12:05:36.425033;0;0;0;0;0;0;1
12:05:36.437032;0;0;0;0;0;0;1
12:05:36.439032;0;0;0;0;0;0;1
12:05:36.440033;0;0;0;0;0;0;1
12:05:36.453033;0;0;0;0;0;0;1
12:05:36.453033;0;0;0;0;0;0;1
12:05:36.454033;0;0;0;0;0;0;1
12:05:36.465033;0;0;0;0;0;0;1
12:05:36.466033;0;0;0;0;0;0;1
12:05:36.466033;0;0;0;0;0;0;1
12:05:36.479057;0;0;0;0;0;0;1
12:05:36.480056;0;0;0;0;0;0;1
12:05:36.481032;0;0;0;0;0;0;1
12:05:36.494032;0;0;0;0;0;0;1
12:05:36.494032;0;0;0;0;0;0;1
12:05:36.507032;0;0;0;0;0;0;1
12:05:36.508032;0;0;0;0;0;0;1
12:05:36.509032;0;0;0;0;0;0;1
12:05:36.520034;0;0;0;0;0;0;1
12:05:36.521033;0;0;0;0;0;0;1
12:05:36.522033;0;0;0;0;0;0;1
12:05:36.534033;0;0;0;0;0;0;1
12:05:36.535033;0;0;0;0;0;0;1
12:05:36.535033;0;0;0;0;0;0;1
12:05:36.549033;0;0;0;0;0;0;1
12:05:36.550032;0;0;0;0;0;0;1
12:05:36.563033;0;0;0;0;0;0;1
12:05:36.564033;0;0;0;0;0;0;1
12:05:36.565032;0;0;0;0;0;0;1
12:05:36.578032;0;0;0;0;0;0;1
12:05:36.579033;0;0;0;0;0;0;1
12:05:36.580032;0;0;0;0;0;0;1
12:05:36.591032;0;0;0;0;0;0;1
12:05:36.592033;0;0;0;0;0;0;1
12:05:36.593034;0;0;0;0;0;0;1
12:05:36.606033;0;0;0;0;0;0;1
12:05:36.607034;0;0;0;0;0;0;1
12:05:36.607034;0;0;0;0;0;0;1
12:05:36.618032;0;0;0;0;0;0;1
12:05:36.619032;0;0;0;0;0;0;1
12:05:36.632031;0;0;0;0;0;0;1
12:05:36.632031;0;0;0;0;0;0;1
12:05:36.633031;0;0;0;0;0;0;1
12:05:36.648033;0;0;0;0;0;0;1
12:05:36.649032;0;0;0;0;0;0;1
12:05:36.649032;0;0;0;0;0;0;1
12:05:36.660032;0;0;0;0;0;0;1
12:05:36.661032;0;0;0;0;0;0;1
12:05:36.662033;0;0;0;0;0;0;1
12:05:36.673032;0;0;0;0;0;0;1
12:05:36.674032;0;0;0;0;0;0;1
12:05:36.687032;0;0;0;0;0;0;1
12:05:36.688032;0;0;0;0;0;0;1
12:05:36.689032;0;0;0;0;0;0;1
12:05:36.701032;0;0;0;0;0;0;1
12:05:36.702033;0;0;0;0;0;0;1
12:05:36.702033;0;0;0;0;0;0;1
12:05:36.717546;0;0;0;0;0;0;1
12:05:36.718545;0;0;0;0;0;0;1
12:05:36.719544;0;0;0;0;0;0;1
12:05:36.735545;0;0;0;0;0;0;1
12:05:36.736545;0;0;0;0;0;0;1
12:05:36.737544;0;0;0;0;0;0;1
12:05:36.737544;0;0;0;0;0;0;1
12:05:36.743546;0;0;0;0;0;0;1
12:05:36.758544;0;0;0;0;0;0;1
12:05:36.758544;0;0;0;0;0;0;1
12:05:36.759546;0;0;0;0;0;0;1
12:05:36.772545;0;0;0;0;0;0;1
12:05:36.772545;0;0;0;0;0;0;1
12:05:36.773545;0;0;0;0;0;0;1
12:05:36.784547;0;0;0;0;0;0;1
12:05:36.784547;0;0;0;0;0;0;1
12:05:36.799547;0;0;0;0;0;0;1
12:05:36.800546;0;0;0;0;0;0;1
12:05:36.801546;0;0;0;0;0;0;1
12:05:36.802546;0;0;0;0;0;0;1
12:05:36.813546;0;0;0;0;0;0;1
12:05:36.815546;0;0;0;0;0;0;1
12:05:36.825546;0;0;0;0;0;0;1
12:05:36.826545;0;0;0;0;0;0;1
12:05:36.827545;0;0;0;0;0;0;1
12:05:36.840545;0;0;0;0;0;0;1
12:05:36.841546;0;0;0;0;0;0;1
12:05:36.841546;0;0;0;0;0;0;1
12:05:36.854545;0;0;0;0;0;0;1
12:05:36.855547;0;0;0;0;0;0;1
12:05:36.855547;0;0;0;0;0;0;1
12:05:36.867544;0;0;0;0;0;0;1
12:05:36.868545;0;0;0;0;0;0;1
12:05:36.883545;0;0;0;0;0;0;1
12:05:36.883545;0;0;0;0;0;0;1
12:05:36.884545;0;0;0;0;0;0;1
12:05:36.896570;0;0;0;0;0;0;1
12:05:36.897569;0;0;0;0;0;0;1
12:05:36.898570;0;0;0;0;0;0;1
12:05:36.910569;0;0;0;0;0;0;1
12:05:36.911569;0;0;0;0;0;0;1
12:05:36.911569;0;0;0;0;0;0;1
12:05:36.923570;0;0;0;0;0;0;1
12:05:36.924569;0;0;0;0;0;0;1
12:05:36.938105;0;0;0;0;0;0;1
12:05:36.939103;0;0;0;0;0;0;1
12:05:36.940105;0;0;0;0;0;0;1
12:05:36.952105;0;0;0;0;0;0;1
12:05:36.953105;0;0;0;0;0;0;1
12:05:36.953105;0;0;0;0;0;0;1
12:05:36.966105;0;0;0;0;0;0;1
12:05:36.967103;0;0;0;0;0;0;1
12:05:36.967103;0;0;0;0;0;0;1
12:05:36.979104;0;0;0;0;0;0;1
12:05:36.980105;0;0;0;0;0;0;1
12:05:36.981104;0;0;0;0;0;0;1
12:05:36.993160;0;0;0;0;0;0;1
12:05:36.994161;0;0;0;0;0;0;1
12:05:37.005848;0;0;0;0;0;0;1
12:05:37.006813;0;0;0;0;0;0;1
12:05:37.007813;0;0;0;0;0;0;1
12:05:37.019813;0;0;0;0;0;0;1
12:05:37.020813;0;0;0;0;0;0;1
12:05:37.021812;0;0;0;0;0;0;1
12:05:37.033813;0;0;0;0;0;0;1
12:05:37.034815;0;0;0;0;0;0;1
12:05:37.049817;0;0;0;0;0;0;1
12:05:37.050818;0;0;0;0;0;0;1
12:05:37.050818;0;0;0;0;0;0;1
12:05:37.051817;0;0;0;0;0;0;1
12:05:37.063818;0;0;0;0;0;0;1
12:05:37.064819;0;0;0;0;0;0;1
12:05:37.077493;0;0;0;0;0;0;1
12:05:37.078493;0;0;0;0;0;0;1
12:05:37.079493;0;0;0;0;0;0;1
12:05:37.091453;0;0;0;0;0;0;1
12:05:37.091963;0;0;0;0;0;0;1
12:05:37.092965;0;0;0;0;0;0;1
12:05:37.104962;0;0;0;0;0;0;1
12:05:37.105962;0;0;0;0;0;0;1
12:05:37.106964;0;0;0;0;0;0;1
12:05:37.118782;0;0;0;0;0;0;1
12:05:37.118782;0;0;0;0;0;0;1
12:05:37.131783;0;0;0;0;0;0;1
12:05:37.131783;0;0;0;0;0;0;1
12:05:37.132783;0;0;0;0;0;0;1
12:05:37.146783;0;0;0;0;0;0;1
12:05:37.147782;0;0;0;0;0;0;1
12:05:37.148783;0;0;0;0;0;0;1
12:05:37.159783;0;0;0;0;0;0;1
12:05:37.160783;0;0;0;0;0;0;1
12:05:37.161784;0;0;0;0;0;0;1
12:05:37.171783;0;0;0;0;0;0;1
12:05:37.172783;0;0;0;0;0;0;1
12:05:37.187340;0;0;0;0;0;0;1
12:05:37.188341;0;0;0;0;0;0;1
12:05:37.189340;0;0;0;0;0;0;1
12:05:37.201286;0;0;0;0;0;0;1
12:05:37.202288;0;0;0;0;0;0;1
12:05:37.202288;0;0;0;0;0;0;1
12:05:37.214287;0;0;0;0;0;0;1
12:05:37.215287;0;0;0;0;0;0;1
12:05:37.216288;0;0;0;0;0;0;1
12:05:37.228287;0;0;0;0;0;0;1
12:05:37.229287;0;0;0;0;0;0;1
12:05:37.242286;0;0;0;0;0;0;1
12:05:37.243286;0;0;0;0;0;0;1
12:05:37.244288;0;0;0;0;0;0;1
12:05:37.256287;0;0;0;0;0;0;1
12:05:37.257288;0;0;0;0;0;0;1
12:05:37.257288;0;0;0;0;0;0;1
12:05:37.272288;0;0;0;0;0;0;1
12:05:37.273287;0;0;0;0;0;0;1
12:05:37.274288;0;0;0;0;0;0;1
12:05:37.286287;0;0;0;0;0;0;1
12:05:37.287287;0;0;0;0;0;0;1
12:05:37.288288;0;0;0;0;0;0;1
12:05:37.299829;0;0;0;0;0;0;1
12:05:37.300831;0;0;0;0;0;0;1
12:05:37.301829;0;0;0;0;0;0;1
12:05:37.313828;0;0;0;0;0;0;1
12:05:37.314828;0;0;0;0;0;0;1
12:05:37.326829;0;0;0;0;0;0;1
12:05:37.327828;0;0;0;0;0;0;1
12:05:37.328828;0;0;0;0;0;0;1
12:05:37.340829;0;0;0;0;0;0;1
12:05:37.341830;0;0;0;0;0;0;1
12:05:37.341830;0;0;0;0;0;0;1
12:05:37.355829;0;0;0;0;0;0;1
12:05:37.360829;0;0;0;0;0;0;1
12:05:37.361829;0;0;0;0;0;0;1
12:05:37.366829;0;0;0;0;0;0;1
12:05:37.367830;0;0;0;0;0;0;1
12:05:37.381830;0;0;0;0;0;0;1
12:05:37.382829;0;0;0;0;0;0;1
12:05:37.383829;0;0;0;0;0;0;1
12:05:37.396915;0;0;0;0;0;0;1
12:05:37.397940;0;0;0;0;0;0;1
12:05:37.398917;0;0;0;0;0;0;1
12:05:37.408915;0;0;0;0;0;0;1
12:05:37.409940;0;0;0;0;0;0;1
12:05:37.423916;0;0;0;0;0;0;1
12:05:37.423916;0;0;0;0;0;0;1
12:05:37.425916;0;0;0;0;0;0;1
12:05:37.439915;0;0;0;0;0;0;1
12:05:37.440916;0;0;0;0;0;0;1
12:05:37.440916;0;0;0;0;0;0;1
12:05:37.441916;0;0;0;0;0;0;1
12:05:37.451915;0;0;0;0;0;0;1
12:05:37.452918;0;0;0;0;0;0;1
12:05:37.465916;0;0;0;0;0;0;1
12:05:37.466916;0;0;0;0;0;0;1
12:05:37.466916;0;0;0;0;0;0;1
12:05:37.479917;0;0;0;0;0;0;1
12:05:37.480939;0;0;0;0;0;0;1
12:05:37.481917;0;0;0;0;0;0;1
12:05:37.495019;0;0;0;0;0;0;1
12:05:37.496019;0;0;0;0;0;0;1
12:05:37.497019;0;0;0;0;0;0;1
12:05:37.507019;0;0;0;0;0;0;1
12:05:37.507019;0;0;0;0;0;0;1
12:05:37.522019;0;0;0;0;0;0;1
12:05:37.523020;0;0;0;0;0;0;1
12:05:37.524020;0;0;0;0;0;0;1
12:05:37.534018;0;0;0;0;0;0;1
12:05:37.535038;0;0;0;0;0;0;1
12:05:37.536019;0;0;0;0;0;0;1
12:05:37.549019;0;0;0;0;0;0;1
12:05:37.550019;0;0;0;0;0;0;1
12:05:37.551019;0;0;0;0;0;0;1
12:05:37.563019;0;0;0;0;0;0;1
12:05:37.564019;0;0;0;0;0;0;1
12:05:37.577019;0;0;0;0;0;0;1
12:05:37.577019;0;0;0;0;0;0;1
12:05:37.578019;0;0;0;0;0;0;1
12:05:37.590020;0;0;0;0;0;0;1
12:05:37.591543;0;0;0;0;0;0;1
12:05:37.592054;0;0;0;0;0;0;1
12:05:37.605053;0;0;0;0;0;0;1
12:05:37.606053;0;0;0;0;0;0;1
12:05:37.606053;0;0;0;0;0;0;1
12:05:37.617053;0;0;0;0;0;0;1
12:05:37.618053;0;0;0;0;0;0;1
12:05:37.633053;0;0;0;0;0;0;1
12:05:37.635054;0;0;0;0;0;0;1
12:05:37.636053;0;0;0;0;0;0;1
12:05:37.647053;0;0;0;0;0;0;1
12:05:37.648052;0;0;0;0;0;0;1
12:05:37.649053;0;0;0;0;0;0;1
12:05:37.661053;0;0;0;0;0;0;1
12:05:37.662053;0;0;0;0;0;0;1
12:05:37.663054;0;0;0;0;0;0;1
12:05:37.676055;0;0;0;0;0;0;1
12:05:37.677055;0;0;0;0;0;0;1
12:05:37.678055;0;0;0;0;0;0;1
12:05:37.687053;0;0;0;0;0;0;1
12:05:37.688053;0;0;0;0;0;0;1
12:05:37.701132;0;0;0;0;0;0;1
12:05:37.702132;0;0;0;0;0;0;1
12:05:37.708133;0;0;0;0;0;0;1
12:05:37.713131;0;0;0;0;0;0;1
12:05:37.714132;0;0;0;0;0;0;1
12:05:37.729132;0;0;0;0;0;0;1
12:05:37.730131;0;0;0;0;0;0;1
12:05:37.731131;0;0;0;0;0;0;1
12:05:37.731131;0;0;0;0;0;0;1
12:05:37.743132;0;0;0;0;0;0;1
12:05:37.744132;0;0;0;0;0;0;1
12:05:37.757132;0;0;0;0;0;0;1
12:05:37.758132;0;0;0;0;0;0;1
12:05:37.759132;0;0;0;0;0;0;1
12:05:37.772131;0;0;0;0;0;0;1
12:05:37.773133;0;0;0;0;0;0;1
12:05:37.774133;0;0;0;0;0;0;1
12:05:37.784132;0;0;0;0;0;0;1
12:05:37.785131;0;0;0;0;0;0;1
12:05:37.786131;0;0;0;0;0;0;1
12:05:37.799157;0;0;0;0;0;0;1
12:05:37.800157;0;0;0;0;0;0;1
12:05:37.801158;0;0;0;0;0;0;1
12:05:37.813706;0;0;0;0;0;0;1
12:05:37.814670;0;0;0;0;0;0;1
12:05:37.826184;0;0;0;0;0;0;1
12:05:37.827184;0;0;0;0;0;0;1
12:05:37.827184;0;0;0;0;0;0;1
12:05:37.840185;0;0;0;0;0;0;1
12:05:37.841185;0;0;0;0;0;0;1
12:05:37.842183;0;0;0;0;0;0;1
12:05:37.854183;0;0;0;0;0;0;1
12:05:37.855184;0;0;0;0;0;0;1
12:05:37.856184;0;0;0;0;0;0;1
12:05:37.869183;0;0;0;0;0;0;1
12:05:37.870185;0;0;0;0;0;0;1
12:05:37.871185;0;0;0;0;0;0;1
12:05:37.880188;0;0;0;0;0;0;1
12:05:37.881185;0;0;0;0;0;0;1
12:05:37.896184;0;0;0;0;0;0;1
12:05:37.897184;0;0;0;0;0;0;1
12:05:37.898185;0;0;0;0;0;0;1
12:05:37.910184;0;0;0;0;0;0;1
12:05:37.911184;0;0;0;0;0;0;1
12:05:37.911184;0;0;0;0;0;0;1
12:05:37.923185;0;0;0;0;0;0;1
12:05:37.924184;0;0;0;0;0;0;1
12:05:37.939184;0;0;0;0;0;0;1
12:05:37.939184;0;0;0;0;0;0;1
12:05:37.940185;0;0;0;0;0;0;1
12:05:37.951183;0;0;0;0;0;0;1
12:05:37.952184;0;0;0;0;0;0;1
12:05:37.953184;0;0;0;0;0;0;1
12:05:37.967184;0;0;0;0;0;0;1
12:05:37.968184;0;0;0;0;0;0;1
12:05:37.969184;0;0;0;0;0;0;1
12:05:37.979185;0;0;0;0;0;0;1
12:05:37.980184;0;0;0;0;0;0;1
12:05:37.981183;0;0;0;0;0;0;1
12:05:37.994184;0;0;0;0;0;0;1
12:05:37.995184;0;0;0;0;0;0;1
12:05:38.006187;0;0;0;0;0;0;1
12:05:38.007185;0;0;0;0;0;0;1
12:05:38.008184;0;0;0;0;0;0;1
12:05:38.017185;0;0;0;0;0;0;1
12:05:38.018185;0;0;0;0;0;0;1
12:05:38.032185;0;0;0;0;0;0;1
12:05:38.033184;0;0;0;0;0;0;1
12:05:38.034185;0;0;0;0;0;0;1
12:05:38.048184;0;0;0;0;0;0;1
12:05:38.049186;0;0;0;0;0;0;1
12:05:38.049186;0;0;0;0;0;0;1
12:05:38.064185;0;0;0;0;0;0;1
12:05:38.065185;0;0;0;0;0;0;1
12:05:38.066184;0;0;0;0;0;0;1
12:05:38.077184;0;0;0;0;0;0;1
12:05:38.077184;0;0;0;0;0;0;1
12:05:38.078184;0;0;0;0;0;0;1
12:05:38.090184;0;0;0;0;0;0;1
12:05:38.091184;0;0;0;0;0;0;1
12:05:38.092184;0;0;0;0;0;0;1
12:05:38.103185;0;0;0;0;0;0;1
12:05:38.104184;0;0;0;0;0;0;1
12:05:38.119184;0;0;0;0;0;0;1
12:05:38.120184;0;0;0;0;0;0;1
12:05:38.120184;0;0;0;0;0;0;1
12:05:38.131184;0;0;0;0;0;0;1
12:05:38.132184;0;0;0;0;0;0;1
12:05:38.133187;0;0;0;0;0;0;1
12:05:38.146184;0;0;0;0;0;0;1
12:05:38.147184;0;0;0;0;0;0;1
12:05:38.147184;0;0;0;0;0;0;1
12:05:38.159184;0;0;0;0;0;0;1
12:05:38.160184;0;0;0;0;0;0;1
12:05:38.160184;0;0;0;0;0;0;1
12:05:38.174185;0;0;0;0;0;0;1
12:05:38.175184;0;0;0;0;0;0;1
12:05:38.176185;0;0;0;0;0;0;1
12:05:38.188184;0;0;0;0;0;0;1
12:05:38.189185;0;0;0;0;0;0;1
12:05:38.203186;0;0;0;0;0;0;1
12:05:38.204186;0;0;0;0;0;0;1
12:05:38.205183;0;0;0;0;0;0;1
12:05:38.216184;0;0;0;0;0;0;1
12:05:38.216184;0;0;0;0;0;0;1
12:05:38.217184;0;0;0;0;0;0;1
12:05:38.228184;0;0;0;0;0;0;1
12:05:38.229183;0;0;0;0;0;0;1
12:05:38.243184;0;0;0;0;0;0;1
12:05:38.244184;0;0;0;0;0;0;1
12:05:38.245184;0;0;0;0;0;0;1
12:05:38.258184;0;0;0;0;0;0;1
12:05:38.259184;0;0;0;0;0;0;1
12:05:38.260184;0;0;0;0;0;0;1
12:05:38.271184;0;0;0;0;0;0;1
12:05:38.272184;0;0;0;0;0;0;1
12:05:38.273185;0;0;0;0;0;0;1
12:05:38.284185;0;0;0;0;0;0;1
12:05:38.284185;0;0;0;0;0;0;1
12:05:38.298184;0;0;0;0;0;0;1
12:05:38.299185;0;0;0;0;0;0;1
12:05:38.300185;0;0;0;0;0;0;1
12:05:38.312184;0;0;0;0;0;0;1
12:05:38.312184;0;0;0;0;0;0;1
12:05:38.313185;0;0;0;0;0;0;1
12:05:38.328185;0;0;0;0;0;0;1
12:05:38.328185;0;0;0;0;0;0;1
12:05:38.329184;0;0;0;0;0;0;1
12:05:38.340185;0;0;0;0;0;0;1
12:05:38.341185;0;0;0;0;0;0;1
12:05:38.342185;0;0;0;0;0;0;1
12:05:38.354184;0;0;0;0;0;0;1
12:05:38.355184;0;0;0;0;0;0;1
12:05:38.368184;0;0;0;0;0;0;1
12:05:38.369184;0;0;0;0;0;0;1
12:05:38.370184;0;0;0;0;0;0;1
12:05:38.384184;0;0;0;0;0;0;1
12:05:38.385184;0;0;0;0;0;0;1
12:05:38.385184;0;0;0;0;0;0;1
12:05:38.396184;0;0;0;0;0;0;1
12:05:38.397185;0;0;0;0;0;0;1
12:05:38.398184;0;0;0;0;0;0;1
12:05:38.409185;0;0;0;0;0;0;1
12:05:38.410184;0;0;0;0;0;0;1
12:05:38.410184;0;0;0;0;0;0;1
12:05:38.424184;0;0;0;0;0;0;1
12:05:38.425184;0;0;0;0;0;0;1
12:05:38.425184;0;0;0;0;0;0;1
12:05:38.437184;0;0;0;0;0;0;1
12:05:38.438185;0;0;0;0;0;0;1
12:05:38.452184;0;0;0;0;0;0;1
12:05:38.453184;0;0;0;0;0;0;1
12:05:38.453184;0;0;0;0;0;0;1
12:05:38.465184;0;0;0;0;0;0;1
12:05:38.466184;0;0;0;0;0;0;1
12:05:38.466184;0;0;0;0;0;0;1
12:05:38.479185;0;0;0;0;0;0;1
12:05:38.480184;0;0;0;0;0;0;1
12:05:38.481184;0;0;0;0;0;0;1
12:05:38.493184;0;0;0;0;0;0;1
12:05:38.494186;0;0;0;0;0;0;1
12:05:38.507184;0;0;0;0;0;0;1
12:05:38.508184;0;0;0;0;0;0;1
12:05:38.509185;0;0;0;0;0;0;1
12:05:38.520186;0;0;0;0;0;0;1
12:05:38.521185;0;0;0;0;0;0;1
12:05:38.522183;0;0;0;0;0;0;1
12:05:38.535185;0;0;0;0;0;0;1
12:05:38.536185;0;0;0;0;0;0;1
12:05:38.537186;0;0;0;0;0;0;1
12:05:38.551184;0;0;0;0;0;0;1
12:05:38.552184;0;0;0;0;0;0;1
12:05:38.553185;0;0;0;0;0;0;1
12:05:38.563184;0;0;0;0;0;0;1
12:05:38.564185;0;0;0;0;0;0;1
12:05:38.575183;0;0;0;0;0;0;1
12:05:38.576184;0;0;0;0;0;0;1
12:05:38.577184;0;0;0;0;0;0;1
12:05:38.591184;0;0;0;0;0;0;1
12:05:38.591184;0;0;0;0;0;0;1
12:05:38.593184;0;0;0;0;0;0;1
12:05:38.604184;0;0;0;0;0;0;1
12:05:38.604184;0;0;0;0;0;0;1
12:05:38.618184;0;0;0;0;0;0;1
12:05:38.619184;0;0;0;0;0;0;1
12:05:38.623184;0;0;0;0;0;0;1
12:05:38.628185;0;0;0;0;0;0;1
12:05:38.629184;0;0;0;0;0;0;1
12:05:38.645185;0;0;0;0;0;0;1
12:05:38.645185;0;0;0;0;0;0;1
12:05:38.646184;0;0;0;0;0;0;1
12:05:38.647185;0;0;0;0;0;0;1
12:05:38.659184;0;0;0;0;0;0;1
12:05:38.660184;0;0;0;0;0;0;1
12:05:38.673185;0;0;0;0;0;0;1
12:05:38.674184;0;0;0;0;0;0;1
12:05:38.675185;0;0;0;0;0;0;1
12:05:38.686184;0;0;0;0;0;0;1
12:05:38.687184;0;0;0;0;0;0;1
12:05:38.688184;0;0;0;0;0;0;1
12:05:38.702184;0;0;0;0;0;0;1
12:05:38.703184;0;0;0;0;0;0;1
12:05:38.704184;0;0;0;0;0;0;1
12:05:38.714184;0;0;0;0;0;0;1
12:05:38.715184;0;0;0;0;0;0;1
12:05:38.716184;0;0;0;0;0;0;1
12:05:38.731184;0;0;0;0;0;0;1
12:05:38.732185;0;0;0;0;0;0;1
12:05:38.732185;0;0;0;0;0;0;1
12:05:38.743185;0;0;0;0;0;0;1
12:05:38.744185;0;0;0;0;0;0;1
12:05:38.757184;0;0;0;0;0;0;1
12:05:38.757184;0;0;0;0;0;0;1
12:05:38.758186;0;0;0;0;0;0;1
12:05:38.770184;0;0;0;0;0;0;1
12:05:38.771185;0;0;0;0;0;0;1
12:05:38.771185;0;0;0;0;0;0;1
12:05:38.786186;0;0;0;0;0;0;1
12:05:38.787186;0;0;0;0;0;0;1
12:05:38.788184;0;0;0;0;0;0;1
12:05:38.799185;0;0;0;0;0;0;1
12:05:38.800185;0;0;0;0;0;0;1
12:05:38.801185;0;0;0;0;0;0;1
12:05:38.812184;0;0;0;0;0;0;1
12:05:38.812184;0;0;0;0;0;0;1
12:05:38.827184;0;0;0;0;0;0;1
12:05:38.828185;0;0;0;0;0;0;1
12:05:38.828185;0;0;0;0;0;0;1
12:05:38.841185;0;0;0;0;0;0;1
12:05:38.841185;0;0;0;0;0;0;1
12:05:38.842184;0;0;0;0;0;0;1
12:05:38.856184;0;0;0;0;0;0;1
12:05:38.857185;0;0;0;0;0;0;1
12:05:38.858185;0;0;0;0;0;0;1
12:05:38.869185;0;0;0;0;0;0;1
12:05:38.869185;0;0;0;0;0;0;1
12:05:38.881184;0;0;0;0;0;0;1
12:05:38.882186;0;0;0;0;0;0;1
12:05:38.883185;0;0;0;0;0;0;1
12:05:38.895184;0;0;0;0;0;0;1
12:05:38.896183;0;0;0;0;0;0;1
12:05:38.897184;0;0;0;0;0;0;1
12:05:38.910183;0;0;0;0;0;0;1
12:05:38.911183;0;0;0;0;0;0;1
12:05:38.912186;0;0;0;0;0;0;1
12:05:38.925185;0;0;0;0;0;0;1
12:05:38.925185;0;0;0;0;0;0;1
12:05:38.926184;0;0;0;0;0;0;1
12:05:38.937184;0;0;0;0;0;0;1
12:05:38.938184;0;0;0;0;0;0;1
12:05:38.954184;0;0;0;0;0;0;1
12:05:38.955183;0;0;0;0;0;0;1
12:05:38.956186;0;0;0;0;0;0;1
12:05:38.956186;0;0;0;0;0;0;1
12:05:38.966183;0;0;0;0;0;0;1
12:05:38.967183;0;0;0;0;0;0;1
12:05:38.980185;0;0;0;0;0;0;1
12:05:38.981184;0;0;0;0;0;0;1
12:05:38.982184;0;0;0;0;0;0;1
12:05:38.993184;0;0;0;0;0;0;1
12:05:38.994183;0;0;0;0;0;0;1
12:05:39.006184;0;0;0;0;0;0;1
12:05:39.007183;0;0;0;0;0;0;1
12:05:39.008183;0;0;0;0;0;0;1
12:05:39.020184;0;0;0;0;0;0;1
12:05:39.021184;0;0;0;0;0;0;1
12:05:39.022184;0;0;0;0;0;0;1
12:05:39.035184;0;0;0;0;0;0;1
12:05:39.035184;0;0;0;0;0;0;1
12:05:39.036184;0;0;0;0;0;0;1
12:05:39.049183;0;0;0;0;0;0;1
12:05:39.049183;0;0;0;0;0;0;1
12:05:39.063185;0;0;0;0;0;0;1
12:05:39.064183;0;0;0;0;0;0;1
12:05:39.065185;0;0;0;0;0;0;1
12:05:39.078184;0;0;0;0;0;0;1
12:05:39.079185;0;0;0;0;0;0;1
12:05:39.080184;0;0;0;0;0;0;1
12:05:39.090183;0;0;0;0;0;0;1
12:05:39.091184;0;0;0;0;0;0;1
12:05:39.091184;0;0;0;0;0;0;1
12:05:39.105184;0;0;0;0;0;0;1
12:05:39.106186;0;0;0;0;0;0;1
12:05:39.107185;0;0;0;0;0;0;1
12:05:39.118184;0;0;0;0;0;0;1
12:05:39.119184;0;0;0;0;0;0;1
12:05:39.131184;0;0;0;0;0;0;1
12:05:39.132184;0;0;0;0;0;0;1
12:05:39.133186;0;0;0;0;0;0;1
12:05:39.145183;0;0;0;0;0;0;1
12:05:39.146184;0;0;0;0;0;0;1
12:05:39.147184;0;0;0;0;0;0;1
12:05:39.161184;0;0;0;0;0;0;1
12:05:39.162185;0;0;0;0;0;0;1
12:05:39.162185;0;0;0;0;0;0;1
12:05:39.175183;0;0;0;0;0;0;1
12:05:39.176184;0;0;0;0;0;0;1
12:05:39.177184;0;0;0;0;0;0;1
12:05:39.187184;0;0;0;0;0;0;1
12:05:39.188184;0;0;0;0;0;0;1
12:05:39.203183;0;0;0;0;0;0;1
12:05:39.204184;0;0;0;0;0;0;1
12:05:39.205185;0;0;0;0;0;0;1
12:05:39.215184;0;0;0;0;0;0;1
12:05:39.219183;0;0;0;0;0;0;1
12:05:39.220185;0;0;0;0;0;0;1
12:05:39.231183;0;0;0;0;0;0;1
12:05:39.232185;0;0;0;0;0;0;1
12:05:39.233184;0;0;0;0;0;0;1
12:05:39.242184;0;0;0;0;0;0;1
12:05:39.243184;0;0;0;0;0;0;1
12:05:39.256184;0;0;0;0;0;0;1
12:05:39.257256;0;0;0;0;0;0;1
12:05:39.258185;0;0;0;0;0;0;1
12:05:39.271183;0;0;0;0;0;0;1
12:05:39.271183;0;0;0;0;0;0;1
12:05:39.272184;0;0;0;0;0;0;1
12:05:39.285184;0;0;0;0;0;0;1
12:05:39.285184;0;0;0;0;0;0;1
12:05:39.286184;0;0;0;0;0;0;1
12:05:39.300183;0;0;0;0;0;0;1
12:05:39.301184;0;0;0;0;0;0;1
12:05:39.302184;0;0;0;0;0;0;1
12:05:39.312185;0;0;0;0;0;0;1
12:05:39.313184;0;0;0;0;0;0;1
12:05:39.326184;0;0;0;0;0;0;1
12:05:39.327184;0;0;0;0;0;0;1
12:05:39.328184;0;0;0;0;0;0;1
12:05:39.339186;0;0;0;0;0;0;1
12:05:39.340184;0;0;0;0;0;0;1
12:05:39.341185;0;0;0;0;0;0;1
12:05:39.353185;0;0;0;0;0;0;1
12:05:39.354184;0;0;0;0;0;0;1
12:05:39.367184;0;0;0;0;0;0;1
12:05:39.368184;0;0;0;0;0;0;1
12:05:39.369184;0;0;0;0;0;0;1
12:05:39.382184;0;0;0;0;0;0;1
12:05:39.382184;0;0;0;0;0;0;1
12:05:39.384186;0;0;0;0;0;0;1
12:05:39.396184;0;0;0;0;0;0;1
12:05:39.397185;0;0;0;0;0;0;1
12:05:39.397185;0;0;0;0;0;0;1
12:05:39.410184;0;0;0;0;0;0;1
12:05:39.411184;0;0;0;0;0;0;1
12:05:39.412185;0;0;0;0;0;0;1
12:05:39.423183;0;0;0;0;0;0;1
12:05:39.424184;0;0;0;0;0;0;1
12:05:39.438183;0;0;0;0;0;0;1
12:05:39.439184;0;0;0;0;0;0;1
12:05:39.440185;0;0;0;0;0;0;1
12:05:39.453184;0;0;0;0;0;0;1
12:05:39.454185;0;0;0;0;0;0;1
12:05:39.454185;0;0;0;0;0;0;1
12:05:39.467183;0;0;0;0;0;0;1
12:05:39.468184;0;0;0;0;0;0;1
12:05:39.469184;0;0;0;0;0;0;1
12:05:39.478184;0;0;0;0;0;0;1
12:05:39.479184;0;0;0;0;0;0;1
12:05:39.494184;0;0;0;0;0;0;1
12:05:39.495183;0;0;0;0;0;0;1
12:05:39.496185;0;0;0;0;0;0;1
12:05:39.496185;0;0;0;0;0;0;1
12:05:39.506184;0;0;0;0;0;0;1
12:05:39.507184;0;0;0;0;0;0;1
12:05:39.521183;0;0;0;0;0;0;1
12:05:39.522184;0;0;0;0;0;0;1
12:05:39.523184;0;0;0;0;0;0;1
12:05:39.535184;0;0;0;0;0;0;1
12:05:39.536184;0;0;0;0;0;0;1
12:05:39.537184;0;0;0;0;0;0;1
12:05:39.548183;0;0;0;0;0;0;1
12:05:39.548183;0;0;0;0;0;0;1
12:05:39.563184;0;0;0;0;0;0;1
12:05:39.564185;0;0;0;0;0;0;1
12:05:39.564185;0;0;0;0;0;0;1
12:05:39.575808;0;0;0;0;0;0;1
12:05:39.576797;0;0;0;0;0;0;1
12:05:39.576797;0;0;0;0;0;0;1
12:05:39.591866;0;0;0;0;0;0;1
12:05:39.592374;0;0;0;0;0;0;1
12:05:39.593374;0;0;0;0;0;0;1
12:05:39.605884;0;0;0;0;0;0;1
12:05:39.606884;0;0;0;0;0;0;1
12:05:39.606884;0;0;0;0;0;0;1
12:05:39.617884;0;0;0;0;0;0;1
12:05:39.618884;0;0;0;0;0;0;1
12:05:39.630885;0;0;0;0;0;0;1
12:05:39.631885;0;0;0;0;0;0;1
12:05:39.632885;0;0;0;0;0;0;1
12:05:39.644885;0;0;0;0;0;0;1
12:05:39.645885;0;0;0;0;0;0;1
12:05:39.646885;0;0;0;0;0;0;1
12:05:39.660884;0;0;0;0;0;0;1
12:05:39.661885;0;0;0;0;0;0;1
12:05:39.662885;0;0;0;0;0;0;1
12:05:39.675302;0;0;0;0;0;0;1
12:05:39.675967;0;0;0;0;0;0;1
12:05:39.676929;0;0;0;0;0;0;1
12:05:39.687933;0;0;0;0;0;0;1
12:05:39.688933;0;0;0;0;0;0;1
12:05:39.702790;0;0;0;0;0;0;1
12:05:39.703789;0;0;0;0;0;0;1
12:05:39.703789;0;0;0;0;0;0;1
12:05:39.714790;0;0;0;0;0;0;1
12:05:39.715788;0;0;0;0;0;0;1
12:05:39.716810;0;0;0;0;0;0;1
12:05:39.730797;0;0;0;0;0;0;1
12:05:39.730797;0;0;0;0;0;0;1
12:05:39.731789;0;0;0;0;0;0;1
12:05:39.742788;0;0;0;0;0;0;1
12:05:39.743790;0;0;0;0;0;0;1
12:05:39.757789;0;0;0;0;0;0;1
12:05:39.758789;0;0;0;0;0;0;1
12:05:39.759789;0;0;0;0;0;0;1
12:05:39.772790;0;0;0;0;0;0;1
12:05:39.773789;0;0;0;0;0;0;1
12:05:39.774790;0;0;0;0;0;0;1
12:05:39.785790;0;0;0;0;0;0;1
12:05:39.786790;0;0;0;0;0;0;1
12:05:39.787790;0;0;0;0;0;0;1
12:05:39.797788;0;0;0;0;0;0;1
12:05:39.798814;0;0;0;0;0;0;1
12:05:39.812789;0;0;0;0;0;0;1
12:05:39.813789;0;0;0;0;0;0;1
12:05:39.814791;0;0;0;0;0;0;1
12:05:39.827891;0;0;0;0;0;0;1
12:05:39.828890;0;0;0;0;0;0;1
12:05:39.829892;0;0;0;0;0;0;1
12:05:39.839890;0;0;0;0;0;0;1
12:05:39.840890;0;0;0;0;0;0;1
12:05:39.840890;0;0;0;0;0;0;1
12:05:39.853891;0;0;0;0;0;0;1
12:05:39.853891;0;0;0;0;0;0;1
12:05:39.868889;0;0;0;0;0;0;1
12:05:39.869892;0;0;0;0;0;0;1
12:05:39.870891;0;0;0;0;0;0;1
12:05:39.871891;0;0;0;0;0;0;1
12:05:39.880890;0;0;0;0;0;0;1
12:05:39.882189;0;0;0;0;0;0;1
12:05:39.896810;0;0;0;0;0;0;1
12:05:39.897810;0;0;0;0;0;0;1
12:05:39.898810;0;0;0;0;0;0;1
12:05:39.910811;0;0;0;0;0;0;1
12:05:39.911810;0;0;0;0;0;0;1
12:05:39.912811;0;0;0;0;0;0;1
12:05:39.923812;0;0;0;0;0;0;1
12:05:39.923812;0;0;0;0;0;0;1
12:05:39.936950;0;0;0;0;0;0;1
12:05:39.937951;0;0;0;0;0;0;1
12:05:39.937951;0;0;0;0;0;0;1
12:05:39.950921;0;0;0;0;0;0;1
12:05:39.951921;0;0;0;0;0;0;1
12:05:39.951921;0;0;0;0;0;0;1
12:05:39.965821;0;0;0;0;0;0;1
12:05:39.966802;0;0;0;0;0;0;1
12:05:39.967826;0;0;0;0;0;0;1
12:05:39.979821;0;0;0;0;0;0;1
12:05:39.980802;0;0;0;0;0;0;1
12:05:39.981800;0;0;0;0;0;0;1
12:05:39.993822;0;0;0;0;0;0;1
12:05:39.994824;0;0;0;0;0;0;1
12:05:39.995801;0;0;0;0;0;0;1
12:05:40.007802;0;0;0;0;0;0;1
12:05:40.008801;0;0;0;0;0;0;1
12:05:40.021231;0;0;0;0;0;0;1
12:05:40.021231;0;0;0;0;0;0;1
12:05:40.022115;0;0;0;0;0;0;1
12:05:40.034867;0;0;0;0;0;0;1
12:05:40.034867;0;0;0;0;0;0;1
12:05:40.036094;0;0;0;0;0;0;1
12:05:40.047825;0;0;0;0;0;0;1
12:05:40.048844;0;0;0;0;0;0;1
12:05:40.062866;0;0;0;0;0;0;1
12:05:40.063891;0;0;0;0;0;0;1
12:05:40.063891;0;0;0;0;0;0;1
12:05:40.076865;0;0;0;0;0;0;1
12:05:40.077865;0;0;0;0;0;0;1
12:05:40.078867;0;0;0;0;0;0;1
12:05:40.090843;0;0;0;0;0;0;1
12:05:40.090843;0;0;0;0;0;0;1
12:05:40.091843;0;0;0;0;0;0;1
12:05:40.103796;0;0;0;0;0;0;1
12:05:40.104798;0;0;0;0;0;0;1
12:05:40.117796;0;0;0;0;0;0;1
12:05:40.118796;0;0;0;0;0;0;1
12:05:40.119817;0;0;0;0;0;0;1
12:05:40.131800;0;0;0;0;0;0;1
12:05:40.132802;0;0;0;0;0;0;1
12:05:40.133799;0;0;0;0;0;0;1
12:05:40.145800;0;0;0;0;0;0;1
12:05:40.146799;0;0;0;0;0;0;1
12:05:40.147818;0;0;0;0;0;0;1
12:05:40.160806;0;0;0;0;0;0;1
12:05:40.161799;0;0;0;0;0;0;1
12:05:40.162800;0;0;0;0;0;0;1
12:05:40.172801;0;0;0;0;0;0;1
12:05:40.173799;0;0;0;0;0;0;1
12:05:40.187825;0;0;0;0;0;0;1
12:05:40.188824;0;0;0;0;0;0;1
12:05:40.189800;0;0;0;0;0;0;1
12:05:40.201832;0;0;0;0;0;0;1
12:05:40.202832;0;0;0;0;0;0;1
12:05:40.203832;0;0;0;0;0;0;1
12:05:40.215831;0;0;0;0;0;0;1
12:05:40.216832;0;0;0;0;0;0;1
12:05:40.216832;0;0;0;0;0;0;1
12:05:40.229831;0;0;0;0;0;0;1
12:05:40.230834;0;0;0;0;0;0;1
12:05:40.231854;0;0;0;0;0;0;1
12:05:40.244074;0;0;0;0;0;0;1
12:05:40.245074;0;0;0;0;0;0;1
12:05:40.257486;0;0;0;0;0;0;1
12:05:40.257486;0;0;0;0;0;0;1
12:05:40.258485;0;0;0;0;0;0;1
12:05:40.270505;0;0;0;0;0;0;1
12:05:40.271486;0;0;0;0;0;0;1
12:05:40.272299;0;0;0;0;0;0;1
12:05:40.284370;0;0;0;0;0;0;1
12:05:40.285344;0;0;0;0;0;0;1
12:05:40.286350;0;0;0;0;0;0;1
12:05:40.297913;0;0;0;0;0;0;1
12:05:40.298913;0;0;0;0;0;0;1
12:05:40.312080;0;0;0;0;0;0;1
12:05:40.312080;0;0;0;0;0;0;1
12:05:40.313082;0;0;0;0;0;0;1
12:05:40.326080;0;0;0;0;0;0;1
12:05:40.327080;0;0;0;0;0;0;1
12:05:40.328080;0;0;0;0;0;0;1
12:05:40.341079;0;0;0;0;0;0;1
12:05:40.342079;0;0;0;0;0;0;1
12:05:40.343079;0;0;0;0;0;0;1
12:05:40.355079;0;0;0;0;0;0;1
12:05:40.356079;0;0;0;0;0;0;1
12:05:40.357080;0;0;0;0;0;0;1
12:05:40.369079;0;0;0;0;0;0;1
12:05:40.370079;0;0;0;0;0;0;1
12:05:40.382079;0;0;0;0;0;0;1
12:05:40.383079;0;0;0;0;0;0;1
12:05:40.384080;0;0;0;0;0;0;1
12:05:40.392080;0;0;0;0;0;0;1
12:05:40.393080;0;0;0;0;0;0;1
12:05:40.410079;0;0;0;0;0;0;1
12:05:40.411079;0;0;0;0;0;0;1
12:05:40.412079;0;0;0;0;0;0;1
12:05:40.413081;0;0;0;0;0;0;1
12:05:40.425080;0;0;0;0;0;0;1
12:05:40.426079;0;0;0;0;0;0;1
12:05:40.427080;0;0;0;0;0;0;1
12:05:40.437079;0;0;0;0;0;0;1
12:05:40.438079;0;0;0;0;0;0;1
12:05:40.451079;0;0;0;0;0;0;1
12:05:40.452080;0;0;0;0;0;0;1
12:05:40.452080;0;0;0;0;0;0;1
12:05:40.465079;0;0;0;0;0;0;1
12:05:40.466079;0;0;0;0;0;0;1
12:05:40.466079;0;0;0;0;0;0;1
12:05:40.478079;0;0;0;0;0;0;1
12:05:40.479079;0;0;0;0;0;0;1
12:05:40.494079;0;0;0;0;0;0;1
12:05:40.495079;0;0;0;0;0;0;1
12:05:40.496081;0;0;0;0;0;0;1
12:05:40.497081;0;0;0;0;0;0;1
12:05:40.506079;0;0;0;0;0;0;1
12:05:40.507079;0;0;0;0;0;0;1
12:05:40.522079;0;0;0;0;0;0;1
12:05:40.523080;0;0;0;0;0;0;1
12:05:40.523080;0;0;0;0;0;0;1
12:05:40.535079;0;0;0;0;0;0;1
12:05:40.536079;0;0;0;0;0;0;1
12:05:40.537080;0;0;0;0;0;0;1
12:05:40.549079;0;0;0;0;0;0;1
12:05:40.550079;0;0;0;0;0;0;1
12:05:40.562079;0;0;0;0;0;0;1
12:05:40.563079;0;0;0;0;0;0;1
12:05:40.564079;0;0;0;0;0;0;1
12:05:40.577079;0;0;0;0;0;0;1
12:05:40.578080;0;0;0;0;0;0;1
12:05:40.579081;0;0;0;0;0;0;1
12:05:40.589321;0;0;0;0;0;0;1
12:05:40.590322;0;0;0;0;0;0;1
12:05:40.591321;0;0;0;0;0;0;1
12:05:40.605416;0;0;0;0;0;0;1
12:05:40.606417;0;0;0;0;0;0;1
12:05:40.607417;0;0;0;0;0;0;1
12:05:40.618986;0;0;0;0;0;0;1
12:05:40.619986;0;0;0;0;0;0;1
12:05:40.620986;0;0;0;0;0;0;1
12:05:40.630985;0;0;0;0;0;0;1
12:05:40.630985;0;0;0;0;0;0;1
12:05:40.644890;0;0;0;0;0;0;1
12:05:40.644890;0;0;0;0;0;0;1
12:05:40.644890;0;0;0;0;0;0;1
12:05:40.659889;0;0;0;0;0;0;1
12:05:40.659889;0;0;0;0;0;0;1
12:05:40.659889;0;0;0;0;0;0;1
12:05:40.673890;0;0;0;0;0;0;1
12:05:40.673890;0;0;0;0;0;0;1
12:05:40.686607;0;0;0;0;0;0;1
12:05:40.687607;0;0;0;0;0;0;1
12:05:40.687607;0;0;0;0;0;0;1
12:05:40.700350;0;0;0;0;0;0;1
12:05:40.701350;0;0;0;0;0;0;1
12:05:40.701350;0;0;0;0;0;0;1
12:05:40.716368;0;0;0;0;0;0;1
12:05:40.717350;0;0;0;0;0;0;1
12:05:40.717350;0;0;0;0;0;0;1
12:05:40.729372;0;0;0;0;0;0;1
12:05:40.730349;0;0;0;0;0;0;1
12:05:40.730349;0;0;0;0;0;0;1
12:05:40.741889;0;0;0;0;0;0;1
12:05:40.741889;0;0;0;0;0;0;1
12:05:40.755907;0;0;0;0;0;0;1
12:05:40.756889;0;0;0;0;0;0;1
12:05:40.756889;0;0;0;0;0;0;1
12:05:40.771887;0;0;0;0;0;0;1
12:05:40.771887;0;0;0;0;0;0;1
12:05:40.771887;0;0;0;0;0;0;1
12:05:40.785830;0;0;0;0;0;0;1
12:05:40.785830;0;0;0;0;0;0;1
12:05:40.785830;0;0;0;0;0;0;1
12:05:40.798922;0;0;0;0;0;0;1
12:05:40.798922;0;0;0;0;0;0;1
12:05:40.799921;0;0;0;0;0;0;1
12:05:40.812923;0;0;0;0;0;0;1
12:05:40.812923;0;0;0;0;0;0;1
12:05:40.825922;0;0;0;0;0;0;1
12:05:40.825922;0;0;0;0;0;0;1
12:05:40.826923;0;0;0;0;0;0;1
12:05:40.840921;0;0;0;0;0;0;1
12:05:40.842040;0;0;0;0;0;0;1
12:05:40.842040;0;0;0;0;0;0;1
12:05:40.855036;0;0;0;0;0;0;1
12:05:40.855036;0;0;0;0;0;0;1
12:05:40.856038;0;0;0;0;0;0;1
12:05:40.867916;0;0;0;0;0;0;1
12:05:40.868935;0;0;0;0;0;0;1
12:05:40.881916;0;0;0;0;0;0;1
12:05:40.881916;0;0;0;0;0;0;1
12:05:40.881916;0;0;0;0;0;0;1
12:05:40.896935;0;0;0;0;0;0;1
12:05:40.897916;0;0;0;0;0;0;1
12:05:40.897916;0;0;0;0;0;0;1
12:05:40.910809;0;0;0;0;0;0;1
12:05:40.910809;0;0;0;0;0;0;1
12:05:40.911810;0;0;0;0;0;0;1
12:05:40.924423;0;0;0;0;0;0;1
12:05:40.924423;0;0;0;0;0;0;1
12:05:40.925424;0;0;0;0;0;0;1
12:05:40.937445;0;0;0;0;0;0;1
12:05:40.938424;0;0;0;0;0;0;1
12:05:40.953423;0;0;0;0;0;0;1
12:05:40.953423;0;0;0;0;0;0;1
12:05:40.953423;0;0;0;0;0;0;1
12:05:40.967423;0;0;0;0;0;0;1
12:05:40.968424;0;0;0;0;0;0;1
12:05:40.968424;0;0;0;0;0;0;1
12:05:40.978610;0;0;0;0;0;0;1
12:05:40.979587;0;0;0;0;0;0;1
12:05:40.979587;0;0;0;0;0;0;1
12:05:40.994099;0;0;0;0;0;0;1
12:05:40.994099;0;0;0;0;0;0;1
12:05:41.004118;0;0;0;0;0;0;1
12:05:41.005099;0;0;0;0;0;0;1
12:05:41.005099;0;0;0;0;0;0;1
12:05:41.019098;0;0;0;0;0;0;1
12:05:41.019098;0;0;0;0;0;0;1
12:05:41.034701;0;0;0;0;0;0;1
12:05:41.035667;0;0;0;0;0;0;1
12:05:41.036675;0;0;0;0;0;0;1
12:05:41.037667;0;0;0;0;0;0;1
12:05:41.046668;0;0;0;0;0;0;1
12:05:41.047688;0;0;0;0;0;0;1
12:05:41.062690;0;0;0;0;0;0;1
12:05:41.063668;0;0;0;0;0;0;1
12:05:41.064667;0;0;0;0;0;0;1
12:05:41.076667;0;0;0;0;0;0;1
12:05:41.077670;0;0;0;0;0;0;1
12:05:41.078669;0;0;0;0;0;0;1
12:05:41.090260;0;0;0;0;0;0;1
12:05:41.091260;0;0;0;0;0;0;1
12:05:41.092260;0;0;0;0;0;0;1
12:05:41.104262;0;0;0;0;0;0;1
12:05:41.105287;0;0;0;0;0;0;1
12:05:41.106262;0;0;0;0;0;0;1
12:05:41.117262;0;0;0;0;0;0;1
12:05:41.118261;0;0;0;0;0;0;1
12:05:41.132259;0;0;0;0;0;0;1
12:05:41.133260;0;0;0;0;0;0;1
12:05:41.134261;0;0;0;0;0;0;1
12:05:41.146260;0;0;0;0;0;0;1
12:05:41.147260;0;0;0;0;0;0;1
12:05:41.148261;0;0;0;0;0;0;1
12:05:41.161261;0;0;0;0;0;0;1
12:05:41.162262;0;0;0;0;0;0;1
12:05:41.163262;0;0;0;0;0;0;1
12:05:41.172260;0;0;0;0;0;0;1
12:05:41.173262;0;0;0;0;0;0;1
12:05:41.187260;0;0;0;0;0;0;1
12:05:41.188260;0;0;0;0;0;0;1
12:05:41.189261;0;0;0;0;0;0;1
12:05:41.201260;0;0;0;0;0;0;1
12:05:41.202280;0;0;0;0;0;0;1
12:05:41.202280;0;0;0;0;0;0;1
12:05:41.214283;0;0;0;0;0;0;1
12:05:41.215260;0;0;0;0;0;0;1
12:05:41.216260;0;0;0;0;0;0;1
12:05:41.228280;0;0;0;0;0;0;1
12:05:41.229279;0;0;0;0;0;0;1
12:05:41.242260;0;0;0;0;0;0;1
12:05:41.243261;0;0;0;0;0;0;1
12:05:41.243261;0;0;0;0;0;0;1
12:05:41.256260;0;0;0;0;0;0;1
12:05:41.257260;0;0;0;0;0;0;1
12:05:41.258283;0;0;0;0;0;0;1
12:05:41.271793;0;0;0;0;0;0;1
12:05:41.272816;0;0;0;0;0;0;1
12:05:41.273793;0;0;0;0;0;0;1
12:05:41.285829;0;0;0;0;0;0;1
12:05:41.285829;0;0;0;0;0;0;1
12:05:41.286830;0;0;0;0;0;0;1
12:05:41.298829;0;0;0;0;0;0;1
12:05:41.299831;0;0;0;0;0;0;1
12:05:41.311830;0;0;0;0;0;0;1
12:05:41.312829;0;0;0;0;0;0;1
12:05:41.313829;0;0;0;0;0;0;1
12:05:41.327829;0;0;0;0;0;0;1
12:05:41.328829;0;0;0;0;0;0;1
12:05:41.329829;0;0;0;0;0;0;1
12:05:41.339831;0;0;0;0;0;0;1
12:05:41.340833;0;0;0;0;0;0;1
12:05:41.340833;0;0;0;0;0;0;1
12:05:41.353829;0;0;0;0;0;0;1
12:05:41.354829;0;0;0;0;0;0;1
12:05:41.368124;0;0;0;0;0;0;1
12:05:41.369121;0;0;0;0;0;0;1
12:05:41.370123;0;0;0;0;0;0;1
12:05:41.384123;0;0;0;0;0;0;1
12:05:41.385123;0;0;0;0;0;0;1
12:05:41.385123;0;0;0;0;0;0;1
12:05:41.395122;0;0;0;0;0;0;1
12:05:41.396122;0;0;0;0;0;0;1
12:05:41.397122;0;0;0;0;0;0;1
12:05:41.411123;0;0;0;0;0;0;1
12:05:41.412123;0;0;0;0;0;0;1
12:05:41.412123;0;0;0;0;0;0;1
12:05:41.425124;0;0;0;0;0;0;1
12:05:41.426123;0;0;0;0;0;0;1
12:05:41.426123;0;0;0;0;0;0;1
12:05:41.437122;0;0;0;0;0;0;1
12:05:41.438145;0;0;0;0;0;0;1
12:05:41.453122;0;0;0;0;0;0;1
12:05:41.453122;0;0;0;0;0;0;1
12:05:41.454124;0;0;0;0;0;0;1
12:05:41.466122;0;0;0;0;0;0;1
12:05:41.467122;0;0;0;0;0;0;1
12:05:41.468122;0;0;0;0;0;0;1
12:05:41.478122;0;0;0;0;0;0;1
12:05:41.479141;0;0;0;0;0;0;1
12:05:41.494122;0;0;0;0;0;0;1
12:05:41.495123;0;0;0;0;0;0;1
12:05:41.496123;0;0;0;0;0;0;1
12:05:41.497122;0;0;0;0;0;0;1
12:05:41.507146;0;0;0;0;0;0;1
12:05:41.507146;0;0;0;0;0;0;1
12:05:41.522122;0;0;0;0;0;0;1
12:05:41.523122;0;0;0;0;0;0;1
12:05:41.524122;0;0;0;0;0;0;1
12:05:41.536122;0;0;0;0;0;0;1
12:05:41.537146;0;0;0;0;0;0;1
12:05:41.537146;0;0;0;0;0;0;1
12:05:41.549145;0;0;0;0;0;0;1
12:05:41.550141;0;0;0;0;0;0;1
12:05:41.551122;0;0;0;0;0;0;1
12:05:41.564122;0;0;0;0;0;0;1
12:05:41.564122;0;0;0;0;0;0;1
12:05:41.576126;0;0;0;0;0;0;1
12:05:41.577122;0;0;0;0;0;0;1
12:05:41.578122;0;0;0;0;0;0;1
12:05:41.589122;0;0;0;0;0;0;1
12:05:41.590141;0;0;0;0;0;0;1
12:05:41.591121;0;0;0;0;0;0;1
12:05:41.603121;0;0;0;0;0;0;1
12:05:41.604143;0;0;0;0;0;0;1
12:05:41.619142;0;0;0;0;0;0;1
12:05:41.620123;0;0;0;0;0;0;1
12:05:41.621122;0;0;0;0;0;0;1
12:05:41.622121;0;0;0;0;0;0;1
12:05:41.632122;0;0;0;0;0;0;1
12:05:41.632122;0;0;0;0;0;0;1
12:05:41.647145;0;0;0;0;0;0;1
12:05:41.648122;0;0;0;0;0;0;1
12:05:41.649123;0;0;0;0;0;0;1
12:05:41.662123;0;0;0;0;0;0;1
12:05:41.663147;0;0;0;0;0;0;1
12:05:41.663686;0;0;0;0;0;0;1
12:05:41.672673;0;0;0;0;0;0;1
12:05:41.673674;0;0;0;0;0;0;1
12:05:41.688672;0;0;0;0;0;0;1
12:05:41.689672;0;0;0;0;0;0;1
12:05:41.690673;0;0;0;0;0;0;1
12:05:41.702674;0;0;0;0;0;0;1
12:05:41.703673;0;0;0;0;0;0;1
12:05:41.704673;0;0;0;0;0;0;1
12:05:41.714673;0;0;0;0;0;0;1
12:05:41.715673;0;0;0;0;0;0;1
12:05:41.716693;0;0;0;0;0;0;1
12:05:41.728673;0;0;0;0;0;0;1
12:05:41.729673;0;0;0;0;0;0;1
12:05:41.744673;0;0;0;0;0;0;1
12:05:41.745674;0;0;0;0;0;0;1
12:05:41.746673;0;0;0;0;0;0;1
12:05:41.746673;0;0;0;0;0;0;1
12:05:41.756674;0;0;0;0;0;0;1
12:05:41.757673;0;0;0;0;0;0;1
12:05:41.774211;0;0;0;0;0;0;1
12:05:41.775211;0;0;0;0;0;0;1
12:05:41.775211;0;0;0;0;0;0;1
12:05:41.776211;0;0;0;0;0;0;1
12:05:41.784211;0;0;0;0;0;0;1
12:05:41.799212;0;0;0;0;0;0;1
12:05:41.800211;0;0;0;0;0;0;1
12:05:41.801238;0;0;0;0;0;0;1
12:05:41.802211;0;0;0;0;0;0;1
12:05:41.812211;0;0;0;0;0;0;1
12:05:41.813212;0;0;0;0;0;0;1
12:05:41.826211;0;0;0;0;0;0;1
12:05:41.826211;0;0;0;0;0;0;1
12:05:41.827211;0;0;0;0;0;0;1
12:05:41.840210;0;0;0;0;0;0;1
12:05:41.841210;0;0;0;0;0;0;1
12:05:41.842211;0;0;0;0;0;0;1
12:05:41.854211;0;0;0;0;0;0;1
12:05:41.855211;0;0;0;0;0;0;1
12:05:41.856210;0;0;0;0;0;0;1
12:05:41.868211;0;0;0;0;0;0;1
12:05:41.868211;0;0;0;0;0;0;1
12:05:41.882212;0;0;0;0;0;0;1
12:05:41.882212;0;0;0;0;0;0;1
12:05:41.883212;0;0;0;0;0;0;1
12:05:41.896211;0;0;0;0;0;0;1
12:05:41.896211;0;0;0;0;0;0;1
12:05:41.897212;0;0;0;0;0;0;1
12:05:41.909211;0;0;0;0;0;0;1
12:05:41.910211;0;0;0;0;0;0;1
12:05:41.910211;0;0;0;0;0;0;1
12:05:41.923212;0;0;0;0;0;0;1
12:05:41.924211;0;0;0;0;0;0;1
12:05:41.939211;0;0;0;0;0;0;1
12:05:41.940212;0;0;0;0;0;0;1
12:05:41.940212;0;0;0;0;0;0;1
12:05:41.954211;0;0;0;0;0;0;1
12:05:41.954211;0;0;0;0;0;0;1
12:05:41.955211;0;0;0;0;0;0;1
12:05:41.965211;0;0;0;0;0;0;1
12:05:41.966211;0;0;0;0;0;0;1
12:05:41.966211;0;0;0;0;0;0;1
12:05:41.980210;0;0;0;0;0;0;1
12:05:41.981212;0;0;0;0;0;0;1
12:05:41.982212;0;0;0;0;0;0;1
12:05:41.994211;0;0;0;0;0;0;1
12:05:41.995211;0;0;0;0;0;0;1
12:05:41.996211;0;0;0;0;0;0;1
12:05:42.008210;0;0;0;0;0;0;1
12:05:42.009210;0;0;0;0;0;0;1
12:05:42.021212;0;0;0;0;0;0;1
12:05:42.022215;0;0;0;0;0;0;1
12:05:42.023211;0;0;0;0;0;0;1
12:05:42.035211;0;0;0;0;0;0;1
12:05:42.036212;0;0;0;0;0;0;1
12:05:42.037212;0;0;0;0;0;0;1
12:05:42.050211;0;0;0;0;0;0;1
12:05:42.050211;0;0;0;0;0;0;1
12:05:42.051211;0;0;0;0;0;0;1
12:05:42.063211;0;0;0;0;0;0;1
12:05:42.064211;0;0;0;0;0;0;1
12:05:42.074211;0;0;0;0;0;0;1
12:05:42.075211;0;0;0;0;0;0;1
12:05:42.075211;0;0;0;0;0;0;1
12:05:42.090210;0;0;0;0;0;0;1
12:05:42.091211;0;0;0;0;0;0;1
12:05:42.092211;0;0;0;0;0;0;1
12:05:42.104210;0;0;0;0;0;0;1
12:05:42.105211;0;0;0;0;0;0;1
12:05:42.120213;0;0;0;0;0;0;1
12:05:42.121212;0;0;0;0;0;0;1
12:05:42.123211;0;0;0;0;0;0;1
12:05:42.123211;0;0;0;0;0;0;1
12:05:42.133211;0;0;0;0;0;0;1
12:05:42.134211;0;0;0;0;0;0;1
12:05:42.146211;0;0;0;0;0;0;1
12:05:42.147211;0;0;0;0;0;0;1
12:05:42.148211;0;0;0;0;0;0;1
12:05:42.161212;0;0;0;0;0;0;1
12:05:42.161212;0;0;0;0;0;0;1
12:05:42.162211;0;0;0;0;0;0;1
12:05:42.175212;0;0;0;0;0;0;1
12:05:42.176210;0;0;0;0;0;0;1
12:05:42.177211;0;0;0;0;0;0;1
12:05:42.190213;0;0;0;0;0;0;1
12:05:42.191210;0;0;0;0;0;0;1
12:05:42.191210;0;0;0;0;0;0;1
12:05:42.201211;0;0;0;0;0;0;1
12:05:42.202211;0;0;0;0;0;0;1
12:05:42.217211;0;0;0;0;0;0;1
12:05:42.218212;0;0;0;0;0;0;1
12:05:42.218212;0;0;0;0;0;0;1
12:05:42.230211;0;0;0;0;0;0;1
12:05:42.231211;0;0;0;0;0;0;1
12:05:42.232211;0;0;0;0;0;0;1
12:05:42.244211;0;0;0;0;0;0;1
12:05:42.245212;0;0;0;0;0;0;1
12:05:42.246211;0;0;0;0;0;0;1
12:05:42.256212;0;0;0;0;0;0;1
12:05:42.257211;0;0;0;0;0;0;1
12:05:42.277210;0;0;0;0;0;0;1
12:05:42.278210;0;0;0;0;0;0;1
12:05:42.279212;0;0;0;0;0;0;1
12:05:42.284212;0;0;0;0;0;0;1
12:05:42.284212;0;0;0;0;0;0;1
12:05:42.299211;0;0;0;0;0;0;1
12:05:42.299211;0;0;0;0;0;0;1
12:05:42.300212;0;0;0;0;0;0;1
12:05:42.312211;0;0;0;0;0;0;1
12:05:42.313212;0;0;0;0;0;0;1
12:05:42.314211;0;0;0;0;0;0;1
12:05:42.326210;0;0;0;0;0;0;1
12:05:42.327211;0;0;0;0;0;0;1
12:05:42.328211;0;0;0;0;0;0;1
12:05:42.340211;0;0;0;0;0;0;1
12:05:42.341211;0;0;0;0;0;0;1
12:05:42.342211;0;0;0;0;0;0;1
12:05:42.354211;0;0;0;0;0;0;1
12:05:42.355211;0;0;0;0;0;0;1
12:05:42.356211;0;0;0;0;0;0;1
12:05:42.368212;0;0;0;0;0;0;1
12:05:42.369211;0;0;0;0;0;0;1
12:05:42.383211;0;0;0;0;0;0;1
12:05:42.383211;0;0;0;0;0;0;1
12:05:42.384211;0;0;0;0;0;0;1
12:05:42.397210;0;0;0;0;0;0;1
12:05:42.398212;0;0;0;0;0;0;1
12:05:42.399211;0;0;0;0;0;0;1
12:05:42.410210;0;0;0;0;0;0;1
12:05:42.411211;0;0;0;0;0;0;1
12:05:42.412213;0;0;0;0;0;0;1
12:05:42.424211;0;0;0;0;0;0;1
12:05:42.425212;0;0;0;0;0;0;1
12:05:42.426211;0;0;0;0;0;0;1
12:05:42.438211;0;0;0;0;0;0;1
12:05:42.439211;0;0;0;0;0;0;1
12:05:42.451211;0;0;0;0;0;0;1
12:05:42.452211;0;0;0;0;0;0;1
12:05:42.458211;0;0;0;0;0;0;1
12:05:42.464212;0;0;0;0;0;0;1
12:05:42.464212;0;0;0;0;0;0;1
12:05:42.479212;0;0;0;0;0;0;1
12:05:42.480230;0;0;0;0;0;0;1
12:05:42.481211;0;0;0;0;0;0;1
12:05:42.482211;0;0;0;0;0;0;1
12:05:42.494211;0;0;0;0;0;0;1
12:05:42.495211;0;0;0;0;0;0;1
12:05:42.495211;0;0;0;0;0;0;1
12:05:42.506211;0;0;0;0;0;0;1
12:05:42.507211;0;0;0;0;0;0;1
12:05:42.522212;0;0;0;0;0;0;1
12:05:42.523212;0;0;0;0;0;0;1
12:05:42.524211;0;0;0;0;0;0;1
12:05:42.536211;0;0;0;0;0;0;1
12:05:42.537211;0;0;0;0;0;0;1
12:05:42.538211;0;0;0;0;0;0;1
12:05:42.550211;0;0;0;0;0;0;1
12:05:42.550211;0;0;0;0;0;0;1
12:05:42.551211;0;0;0;0;0;0;1
12:05:42.563211;0;0;0;0;0;0;1
12:05:42.564211;0;0;0;0;0;0;1
12:05:42.576210;0;0;0;0;0;0;1
12:05:42.577210;0;0;0;0;0;0;1
12:05:42.578211;0;0;0;0;0;0;1
12:05:42.590211;0;0;0;0;0;0;1
12:05:42.591211;0;0;0;0;0;0;1
12:05:42.591211;0;0;0;0;0;0;1
12:05:42.603212;0;0;0;0;0;0;1
12:05:42.604211;0;0;0;0;0;0;1
12:05:42.619212;0;0;0;0;0;0;1
12:05:42.620212;0;0;0;0;0;0;1
12:05:42.621212;0;0;0;0;0;0;1
12:05:42.621212;0;0;0;0;0;0;1
12:05:42.633211;0;0;0;0;0;0;1
12:05:42.634225;0;0;0;0;0;0;1
12:05:42.646211;0;0;0;0;0;0;1
12:05:42.647212;0;0;0;0;0;0;1
12:05:42.647212;0;0;0;0;0;0;1
12:05:42.660212;0;0;0;0;0;0;1
12:05:42.660212;0;0;0;0;0;0;1
12:05:42.661211;0;0;0;0;0;0;1
12:05:42.673211;0;0;0;0;0;0;1
12:05:42.674212;0;0;0;0;0;0;1
12:05:42.689212;0;0;0;0;0;0;1
12:05:42.690213;0;0;0;0;0;0;1
12:05:42.691213;0;0;0;0;0;0;1
12:05:42.692212;0;0;0;0;0;0;1
12:05:42.701211;0;0;0;0;0;0;1
12:05:42.702211;0;0;0;0;0;0;1
12:05:42.717213;0;0;0;0;0;0;1
12:05:42.717213;0;0;0;0;0;0;1
12:05:42.718213;0;0;0;0;0;0;1
12:05:42.728243;0;0;0;0;0;0;1
12:05:42.729232;0;0;0;0;0;0;1
12:05:42.743801;0;0;0;0;0;0;1
12:05:42.744801;0;0;0;0;0;0;1
12:05:42.745802;0;0;0;0;0;0;1
12:05:42.746800;0;0;0;0;0;0;1
12:05:42.758800;0;0;0;0;0;0;1
12:05:42.758800;0;0;0;0;0;0;1
12:05:42.774801;0;0;0;0;0;0;1
12:05:42.775826;0;0;0;0;0;0;1
12:05:42.776801;0;0;0;0;0;0;1
12:05:42.777801;0;0;0;0;0;0;1
12:05:42.782802;0;0;0;0;0;0;1
12:05:42.800193;0;0;0;0;0;0;1
12:05:42.800193;0;0;0;0;0;0;1
12:05:42.801193;0;0;0;0;0;0;1
12:05:42.802193;0;0;0;0;0;0;1
12:05:42.812194;0;0;0;0;0;0;1
12:05:42.813193;0;0;0;0;0;0;1
12:05:42.827335;0;0;0;0;0;0;1
12:05:42.828334;0;0;0;0;0;0;1
12:05:42.829336;0;0;0;0;0;0;1
12:05:42.839968;0;0;0;0;0;0;1
12:05:42.839968;0;0;0;0;0;0;1
12:05:42.840968;0;0;0;0;0;0;1
12:05:42.854538;0;0;0;0;0;0;1
12:05:42.855540;0;0;0;0;0;0;1
12:05:42.856537;0;0;0;0;0;0;1
12:05:42.867539;0;0;0;0;0;0;1
12:05:42.867539;0;0;0;0;0;0;1
12:05:42.880562;0;0;0;0;0;0;1
12:05:42.881558;0;0;0;0;0;0;1
12:05:42.882539;0;0;0;0;0;0;1
12:05:42.895538;0;0;0;0;0;0;1
12:05:42.896539;0;0;0;0;0;0;1
12:05:42.896539;0;0;0;0;0;0;1
12:05:42.909538;0;0;0;0;0;0;1
12:05:42.910562;0;0;0;0;0;0;1
12:05:42.910562;0;0;0;0;0;0;1
12:05:42.923403;0;0;0;0;0;0;1
12:05:42.924364;0;0;0;0;0;0;1
12:05:42.939363;0;0;0;0;0;0;1
12:05:42.940363;0;0;0;0;0;0;1
12:05:42.941364;0;0;0;0;0;0;1
12:05:42.941364;0;0;0;0;0;0;1
12:05:42.951364;0;0;0;0;0;0;1
12:05:42.951364;0;0;0;0;0;0;1
12:05:42.964364;0;0;0;0;0;0;1
12:05:42.965365;0;0;0;0;0;0;1
12:05:42.966364;0;0;0;0;0;0;1
12:05:42.979364;0;0;0;0;0;0;1
12:05:42.979364;0;0;0;0;0;0;1
12:05:42.993575;0;0;0;0;0;0;1
12:05:42.994576;0;0;0;0;0;0;1
12:05:42.994576;0;0;0;0;0;0;1
12:05:43.007575;0;0;0;0;0;0;1
12:05:43.008575;0;0;0;0;0;0;1
12:05:43.008575;0;0;0;0;0;0;1
12:05:43.021576;0;0;0;0;0;0;1
12:05:43.021576;0;0;0;0;0;0;1
12:05:43.022576;0;0;0;0;0;0;1
12:05:43.034575;0;0;0;0;0;0;1
12:05:43.035576;0;0;0;0;0;0;1
12:05:43.036576;0;0;0;0;0;0;1
12:05:43.048576;0;0;0;0;0;0;1
12:05:43.049575;0;0;0;0;0;0;1
12:05:43.063595;0;0;0;0;0;0;1
12:05:43.064577;0;0;0;0;0;0;1
12:05:43.065576;0;0;0;0;0;0;1
12:05:43.066576;0;0;0;0;0;0;1
12:05:43.075576;0;0;0;0;0;0;1
12:05:43.076576;0;0;0;0;0;0;1
12:05:43.091575;0;0;0;0;0;0;1
12:05:43.092576;0;0;0;0;0;0;1
12:05:43.093577;0;0;0;0;0;0;1
12:05:43.103575;0;0;0;0;0;0;1
12:05:43.104575;0;0;0;0;0;0;1
12:05:43.118597;0;0;0;0;0;0;1
12:05:43.119576;0;0;0;0;0;0;1
12:05:43.120576;0;0;0;0;0;0;1
12:05:43.133576;0;0;0;0;0;0;1
12:05:43.133576;0;0;0;0;0;0;1
12:05:43.134576;0;0;0;0;0;0;1
12:05:43.145603;0;0;0;0;0;0;1
12:05:43.146576;0;0;0;0;0;0;1
12:05:43.146576;0;0;0;0;0;0;1
12:05:43.161575;0;0;0;0;0;0;1
12:05:43.162576;0;0;0;0;0;0;1
12:05:43.163599;0;0;0;0;0;0;1
12:05:43.174594;0;0;0;0;0;0;1
12:05:43.175574;0;0;0;0;0;0;1
12:05:43.176576;0;0;0;0;0;0;1
12:05:43.187575;0;0;0;0;0;0;1
12:05:43.188575;0;0;0;0;0;0;1
12:05:43.202575;0;0;0;0;0;0;1
12:05:43.203575;0;0;0;0;0;0;1
12:05:43.203575;0;0;0;0;0;0;1
12:05:43.216575;0;0;0;0;0;0;1
12:05:43.217576;0;0;0;0;0;0;1
12:05:43.218575;0;0;0;0;0;0;1
12:05:43.230575;0;0;0;0;0;0;1
12:05:43.231575;0;0;0;0;0;0;1
12:05:43.231575;0;0;0;0;0;0;1
12:05:43.244575;0;0;0;0;0;0;1
12:05:43.245576;0;0;0;0;0;0;1
12:05:43.246575;0;0;0;0;0;0;1
12:05:43.256576;0;0;0;0;0;0;1
12:05:43.257600;0;0;0;0;0;0;1
12:05:43.270575;0;0;0;0;0;0;1
12:05:43.270575;0;0;0;0;0;0;1
12:05:43.271575;0;0;0;0;0;0;1
12:05:43.286575;0;0;0;0;0;0;1
12:05:43.287576;0;0;0;0;0;0;1
12:05:43.288576;0;0;0;0;0;0;1
12:05:43.300578;0;0;0;0;0;0;1
12:05:43.301576;0;0;0;0;0;0;1
12:05:43.301576;0;0;0;0;0;0;1
12:05:43.314575;0;0;0;0;0;0;1
12:05:43.314575;0;0;0;0;0;0;1
12:05:43.315575;0;0;0;0;0;0;1
12:05:43.325575;0;0;0;0;0;0;1
12:05:43.326575;0;0;0;0;0;0;1
12:05:43.339576;0;0;0;0;0;0;1
12:05:43.340577;0;0;0;0;0;0;1
12:05:43.340577;0;0;0;0;0;0;1
12:05:43.355575;0;0;0;0;0;0;1
12:05:43.356575;0;0;0;0;0;0;1
12:05:43.357576;0;0;0;0;0;0;1
12:05:43.367575;0;0;0;0;0;0;1
12:05:43.368576;0;0;0;0;0;0;1
12:05:43.383575;0;0;0;0;0;0;1
12:05:43.384575;0;0;0;0;0;0;1
12:05:43.385575;0;0;0;0;0;0;1
12:05:43.398576;0;0;0;0;0;0;1
12:05:43.398576;0;0;0;0;0;0;1
12:05:43.399575;0;0;0;0;0;0;1
12:05:43.409575;0;0;0;0;0;0;1
12:05:43.410575;0;0;0;0;0;0;1
12:05:43.410575;0;0;0;0;0;0;1
12:05:43.423574;0;0;0;0;0;0;1
12:05:43.423574;0;0;0;0;0;0;1
12:05:43.438574;0;0;0;0;0;0;1
12:05:43.439575;0;0;0;0;0;0;1
12:05:43.440576;0;0;0;0;0;0;1
12:05:43.441575;0;0;0;0;0;0;1
12:05:43.450575;0;0;0;0;0;0;1
12:05:43.451575;0;0;0;0;0;0;1
12:05:43.465575;0;0;0;0;0;0;1
12:05:43.466574;0;0;0;0;0;0;1
12:05:43.466574;0;0;0;0;0;0;1
12:05:43.479575;0;0;0;0;0;0;1
12:05:43.480575;0;0;0;0;0;0;1
12:05:43.481575;0;0;0;0;0;0;1
12:05:43.494575;0;0;0;0;0;0;1
12:05:43.494575;0;0;0;0;0;0;1
12:05:43.495582;0;0;0;0;0;0;1
12:05:43.507574;0;0;0;0;0;0;1
12:05:43.508576;0;0;0;0;0;0;1
12:05:43.520574;0;0;0;0;0;0;1
12:05:43.521576;0;0;0;0;0;0;1
12:05:43.522575;0;0;0;0;0;0;1
12:05:43.535575;0;0;0;0;0;0;1
12:05:43.536575;0;0;0;0;0;0;1
12:05:43.537576;0;0;0;0;0;0;1
12:05:43.547575;0;0;0;0;0;0;1
12:05:43.548575;0;0;0;0;0;0;1
12:05:43.563575;0;0;0;0;0;0;1
12:05:43.564575;0;0;0;0;0;0;1
12:05:43.565575;0;0;0;0;0;0;1
12:05:43.577575;0;0;0;0;0;0;1
12:05:43.578575;0;0;0;0;0;0;1
12:05:43.579575;0;0;0;0;0;0;1
12:05:43.589575;0;0;0;0;0;0;1
12:05:43.590574;0;0;0;0;0;0;1
12:05:43.591576;0;0;0;0;0;0;1
12:05:43.604574;0;0;0;0;0;0;1
12:05:43.605575;0;0;0;0;0;0;1
12:05:43.606576;0;0;0;0;0;0;1
12:05:43.618575;0;0;0;0;0;0;1
12:05:43.619575;0;0;0;0;0;0;1
12:05:43.620576;0;0;0;0;0;0;1
12:05:43.632575;0;0;0;0;0;0;1
12:05:43.633575;0;0;0;0;0;0;1
12:05:43.645575;0;0;0;0;0;0;1
12:05:43.646575;0;0;0;0;0;0;1
12:05:43.647575;0;0;0;0;0;0;1
12:05:43.659575;0;0;0;0;0;0;1
12:05:43.660575;0;0;0;0;0;0;1
12:05:43.661575;0;0;0;0;0;0;1
12:05:43.673576;0;0;0;0;0;0;1
12:05:43.674575;0;0;0;0;0;0;1
12:05:43.688575;0;0;0;0;0;0;1
12:05:43.689575;0;0;0;0;0;0;1
12:05:43.690576;0;0;0;0;0;0;1
12:05:43.702576;0;0;0;0;0;0;1
12:05:43.703575;0;0;0;0;0;0;1
12:05:43.704576;0;0;0;0;0;0;1
12:05:43.716575;0;0;0;0;0;0;1
12:05:43.717575;0;0;0;0;0;0;1
12:05:43.718576;0;0;0;0;0;0;1
12:05:43.729576;0;0;0;0;0;0;1
12:05:43.730574;0;0;0;0;0;0;1
12:05:43.731576;0;0;0;0;0;0;1
12:05:43.744575;0;0;0;0;0;0;1
12:05:43.745575;0;0;0;0;0;0;1
12:05:43.745575;0;0;0;0;0;0;1
12:05:43.758574;0;0;0;0;0;0;1
12:05:43.758574;0;0;0;0;0;0;1
12:05:43.771575;0;0;0;0;0;0;1
12:05:43.772575;0;0;0;0;0;0;1
12:05:43.773575;0;0;0;0;0;0;1
12:05:43.783575;0;0;0;0;0;0;1
12:05:43.784576;0;0;0;0;0;0;1
12:05:43.785575;0;0;0;0;0;0;1
12:05:43.797576;0;0;0;0;0;0;1
12:05:43.798576;0;0;0;0;0;0;1
12:05:43.811575;0;0;0;0;0;0;1
12:05:43.812575;0;0;0;0;0;0;1
12:05:43.813576;0;0;0;0;0;0;1
12:05:43.827575;0;0;0;0;0;0;1
12:05:43.828576;0;0;0;0;0;0;1
12:05:43.829575;0;0;0;0;0;0;1
12:05:43.839575;0;0;0;0;0;0;1
12:05:43.840575;0;0;0;0;0;0;1
12:05:43.840575;0;0;0;0;0;0;1
12:05:43.853575;0;0;0;0;0;0;1
12:05:43.854576;0;0;0;0;0;0;1
12:05:43.868575;0;0;0;0;0;0;1
12:05:43.869575;0;0;0;0;0;0;1
12:05:43.870576;0;0;0;0;0;0;1
12:05:43.871575;0;0;0;0;0;0;1
12:05:43.883575;0;0;0;0;0;0;1
12:05:43.884575;0;0;0;0;0;0;1
12:05:43.896575;0;0;0;0;0;0;1
12:05:43.897575;0;0;0;0;0;0;1
12:05:43.898575;0;0;0;0;0;0;1
12:05:43.911576;0;0;0;0;0;0;1
12:05:43.912576;0;0;0;0;0;0;1
12:05:43.912576;0;0;0;0;0;0;1
12:05:43.923575;0;0;0;0;0;0;1
12:05:43.924575;0;0;0;0;0;0;1
12:05:43.937575;0;0;0;0;0;0;1
12:05:43.938575;0;0;0;0;0;0;1
12:05:43.939576;0;0;0;0;0;0;1
12:05:43.951575;0;0;0;0;0;0;1
12:05:43.952575;0;0;0;0;0;0;1
12:05:43.953576;0;0;0;0;0;0;1
12:05:43.965575;0;0;0;0;0;0;1
12:05:43.966575;0;0;0;0;0;0;1
12:05:43.967575;0;0;0;0;0;0;1
12:05:43.980575;0;0;0;0;0;0;1
12:05:43.984575;0;0;0;0;0;0;1
12:05:43.985575;0;0;0;0;0;0;1
12:05:43.989576;0;0;0;0;0;0;1
12:05:43.990575;0;0;0;0;0;0;1
12:05:44.005575;0;0;0;0;0;0;1
12:05:44.006575;0;0;0;0;0;0;1
12:05:44.006575;0;0;0;0;0;0;1
12:05:44.021575;0;0;0;0;0;0;1
12:05:44.022575;0;0;0;0;0;0;1
12:05:44.023576;0;0;0;0;0;0;1
12:05:44.035575;0;0;0;0;0;0;1
12:05:44.035575;0;0;0;0;0;0;1
12:05:44.037576;0;0;0;0;0;0;1
12:05:44.050089;0;0;0;0;0;0;1
12:05:44.050089;0;0;0;0;0;0;1
12:05:44.051089;0;0;0;0;0;0;1
12:05:44.063088;0;0;0;0;0;0;1
12:05:44.064089;0;0;0;0;0;0;1
12:05:44.077090;0;0;0;0;0;0;1
12:05:44.077090;0;0;0;0;0;0;1
12:05:44.078089;0;0;0;0;0;0;1
12:05:44.090088;0;0;0;0;0;0;1
12:05:44.091089;0;0;0;0;0;0;1
12:05:44.092089;0;0;0;0;0;0;1
12:05:44.104091;0;0;0;0;0;0;1
12:05:44.105089;0;0;0;0;0;0;1
12:05:44.105089;0;0;0;0;0;0;1
12:05:44.118089;0;0;0;0;0;0;1
12:05:44.119090;0;0;0;0;0;0;1
12:05:44.131089;0;0;0;0;0;0;1
12:05:44.132090;0;0;0;0;0;0;1
12:05:44.133090;0;0;0;0;0;0;1
12:05:44.145089;0;0;0;0;0;0;1
12:05:44.146089;0;0;0;0;0;0;1
12:05:44.147089;0;0;0;0;0;0;1
12:05:44.159088;0;0;0;0;0;0;1
12:05:44.160089;0;0;0;0;0;0;1
12:05:44.161091;0;0;0;0;0;0;1
12:05:44.173089;0;0;0;0;0;0;1
12:05:44.174089;0;0;0;0;0;0;1
12:05:44.188089;0;0;0;0;0;0;1
12:05:44.189089;0;0;0;0;0;0;1
12:05:44.190091;0;0;0;0;0;0;1
12:05:44.202089;0;0;0;0;0;0;1
12:05:44.203089;0;0;0;0;0;0;1
12:05:44.204089;0;0;0;0;0;0;1
12:05:44.215090;0;0;0;0;0;0;1
12:05:44.216089;0;0;0;0;0;0;1
12:05:44.216089;0;0;0;0;0;0;1
12:05:44.228088;0;0;0;0;0;0;1
12:05:44.229089;0;0;0;0;0;0;1
12:05:44.243088;0;0;0;0;0;0;1
12:05:44.244089;0;0;0;0;0;0;1
12:05:44.245090;0;0;0;0;0;0;1
12:05:44.258098;0;0;0;0;0;0;1
12:05:44.258098;0;0;0;0;0;0;1
12:05:44.259089;0;0;0;0;0;0;1
12:05:44.272089;0;0;0;0;0;0;1
12:05:44.273101;0;0;0;0;0;0;1
12:05:44.274124;0;0;0;0;0;0;1
12:05:44.284924;0;0;0;0;0;0;1
12:05:44.285922;0;0;0;0;0;0;1
12:05:44.286923;0;0;0;0;0;0;1
12:05:44.300195;0;0;0;0;0;0;1
12:05:44.301195;0;0;0;0;0;0;1
12:05:44.302195;0;0;0;0;0;0;1
12:05:44.312775;0;0;0;0;0;0;1
12:05:44.313774;0;0;0;0;0;0;1
12:05:44.325951;0;0;0;0;0;0;1
12:05:44.326961;0;0;0;0;0;0;1
12:05:44.327937;0;0;0;0;0;0;1
12:05:44.341531;0;0;0;0;0;0;1
12:05:44.341531;0;0;0;0;0;0;1
12:05:44.342530;0;0;0;0;0;0;1
12:05:44.355530;0;0;0;0;0;0;1
12:05:44.356530;0;0;0;0;0;0;1
12:05:44.356530;0;0;0;0;0;0;1
12:05:44.368529;0;0;0;0;0;0;1
12:05:44.369531;0;0;0;0;0;0;1
12:05:44.381529;0;0;0;0;0;0;1
12:05:44.382530;0;0;0;0;0;0;1
12:05:44.383531;0;0;0;0;0;0;1
12:05:44.395529;0;0;0;0;0;0;1
12:05:44.395529;0;0;0;0;0;0;1
12:05:44.396531;0;0;0;0;0;0;1
12:05:44.408530;0;0;0;0;0;0;1
12:05:44.409531;0;0;0;0;0;0;1
12:05:44.423530;0;0;0;0;0;0;1
12:05:44.423530;0;0;0;0;0;0;1
12:05:44.424530;0;0;0;0;0;0;1
12:05:44.436529;0;0;0;0;0;0;1
12:05:44.437530;0;0;0;0;0;0;1
12:05:44.438529;0;0;0;0;0;0;1
12:05:44.452529;0;0;0;0;0;0;1
12:05:44.453530;0;0;0;0;0;0;1
12:05:44.454529;0;0;0;0;0;0;1
12:05:44.466529;0;0;0;0;0;0;1
12:05:44.467530;0;0;0;0;0;0;1
12:05:44.467530;0;0;0;0;0;0;1
12:05:44.479530;0;0;0;0;0;0;1
12:05:44.480529;0;0;0;0;0;0;1
12:05:44.481529;0;0;0;0;0;0;1
12:05:44.494045;0;0;0;0;0;0;1
12:05:44.495044;0;0;0;0;0;0;1
12:05:44.507045;0;0;0;0;0;0;1
12:05:44.508045;0;0;0;0;0;0;1
12:05:44.509045;0;0;0;0;0;0;1
12:05:44.522044;0;0;0;0;0;0;1
12:05:44.522044;0;0;0;0;0;0;1
12:05:44.523045;0;0;0;0;0;0;1
12:05:44.535045;0;0;0;0;0;0;1
12:05:44.536045;0;0;0;0;0;0;1
12:05:44.537045;0;0;0;0;0;0;1
12:05:44.549044;0;0;0;0;0;0;1
12:05:44.549044;0;0;0;0;0;0;1
12:05:44.564044;0;0;0;0;0;0;1
12:05:44.564044;0;0;0;0;0;0;1
12:05:44.565045;0;0;0;0;0;0;1
12:05:44.577044;0;0;0;0;0;0;1
12:05:44.578045;0;0;0;0;0;0;1
12:05:44.578045;0;0;0;0;0;0;1
12:05:44.591045;0;0;0;0;0;0;1
12:05:44.592045;0;0;0;0;0;0;1
12:05:44.593045;0;0;0;0;0;0;1
12:05:44.606044;0;0;0;0;0;0;1
12:05:44.607044;0;0;0;0;0;0;1
12:05:44.608044;0;0;0;0;0;0;1
12:05:44.621044;0;0;0;0;0;0;1
12:05:44.621044;0;0;0;0;0;0;1
12:05:44.622045;0;0;0;0;0;0;1
12:05:44.631044;0;0;0;0;0;0;1
12:05:44.632044;0;0;0;0;0;0;1
12:05:44.647668;0;0;0;0;0;0;1
12:05:44.648669;0;0;0;0;0;0;1
12:05:44.649687;0;0;0;0;0;0;1
12:05:44.661667;0;0;0;0;0;0;1
12:05:44.662670;0;0;0;0;0;0;1
12:05:44.662670;0;0;0;0;0;0;1
12:05:44.674670;0;0;0;0;0;0;1
12:05:44.675669;0;0;0;0;0;0;1
12:05:44.676668;0;0;0;0;0;0;1
12:05:44.688667;0;0;0;0;0;0;1
12:05:44.689667;0;0;0;0;0;0;1
12:05:44.701667;0;0;0;0;0;0;1
12:05:44.702667;0;0;0;0;0;0;1
12:05:44.703688;0;0;0;0;0;0;1
12:05:44.715230;0;0;0;0;0;0;1
12:05:44.716229;0;0;0;0;0;0;1
12:05:44.717229;0;0;0;0;0;0;1
12:05:44.728257;0;0;0;0;0;0;1
12:05:44.729230;0;0;0;0;0;0;1
12:05:44.744229;0;0;0;0;0;0;1
12:05:44.745229;0;0;0;0;0;0;1
12:05:44.746231;0;0;0;0;0;0;1
12:05:44.747230;0;0;0;0;0;0;1
12:05:44.756229;0;0;0;0;0;0;1
12:05:44.757250;0;0;0;0;0;0;1
12:05:44.770228;0;0;0;0;0;0;1
12:05:44.771229;0;0;0;0;0;0;1
12:05:44.772230;0;0;0;0;0;0;1
12:05:44.784230;0;0;0;0;0;0;1
12:05:44.785229;0;0;0;0;0;0;1
12:05:44.785229;0;0;0;0;0;0;1
12:05:44.799817;0;0;0;0;0;0;1
12:05:44.800799;0;0;0;0;0;0;1
12:05:44.801798;0;0;0;0;0;0;1
12:05:44.812798;0;0;0;0;0;0;1
12:05:44.813823;0;0;0;0;0;0;1
12:05:44.825818;0;0;0;0;0;0;1
12:05:44.826819;0;0;0;0;0;0;1
12:05:44.827819;0;0;0;0;0;0;1
12:05:44.840799;0;0;0;0;0;0;1
12:05:44.840799;0;0;0;0;0;0;1
12:05:44.841798;0;0;0;0;0;0;1
12:05:44.854798;0;0;0;0;0;0;1
12:05:44.855818;0;0;0;0;0;0;1
12:05:44.855818;0;0;0;0;0;0;1
12:05:44.867799;0;0;0;0;0;0;1
12:05:44.867799;0;0;0;0;0;0;1
12:05:44.882798;0;0;0;0;0;0;1
12:05:44.882798;0;0;0;0;0;0;1
12:05:44.882798;0;0;0;0;0;0;1
12:05:44.895799;0;0;0;0;0;0;1
12:05:44.895799;0;0;0;0;0;0;1
12:05:44.896818;0;0;0;0;0;0;1
12:05:44.908821;0;0;0;0;0;0;1
12:05:44.909797;0;0;0;0;0;0;1
12:05:44.909797;0;0;0;0;0;0;1
12:05:44.922800;0;0;0;0;0;0;1
12:05:44.923818;0;0;0;0;0;0;1
12:05:44.938797;0;0;0;0;0;0;1
12:05:44.938797;0;0;0;0;0;0;1
12:05:44.939798;0;0;0;0;0;0;1
12:05:44.952799;0;0;0;0;0;0;1
12:05:44.952799;0;0;0;0;0;0;1
12:05:44.953798;0;0;0;0;0;0;1
12:05:44.966799;0;0;0;0;0;0;1
12:05:44.966799;0;0;0;0;0;0;1
12:05:44.966799;0;0;0;0;0;0;1
12:05:44.979820;0;0;0;0;0;0;1
12:05:44.980820;0;0;0;0;0;0;1
12:05:44.980820;0;0;0;0;0;0;1
12:05:44.993754;0;0;0;0;0;0;1
12:05:44.993754;0;0;0;0;0;0;1
12:05:45.006778;0;0;0;0;0;0;1
12:05:45.007755;0;0;0;0;0;0;1
12:05:45.007755;0;0;0;0;0;0;1
12:05:45.021756;0;0;0;0;0;0;1
12:05:45.021756;0;0;0;0;0;0;1
12:05:45.022758;0;0;0;0;0;0;1
12:05:45.034775;0;0;0;0;0;0;1
12:05:45.035755;0;0;0;0;0;0;1
12:05:45.035755;0;0;0;0;0;0;1
12:05:45.048109;0;0;0;0;0;0;1
12:05:45.049109;0;0;0;0;0;0;1
12:05:45.063939;0;0;0;0;0;0;1
12:05:45.063939;0;0;0;0;0;0;1
12:05:45.064937;0;0;0;0;0;0;1
12:05:45.077752;0;0;0;0;0;0;1
12:05:45.077752;0;0;0;0;0;0;1
12:05:45.077752;0;0;0;0;0;0;1
12:05:45.090751;0;0;0;0;0;0;1
12:05:45.090751;0;0;0;0;0;0;1
12:05:45.091752;0;0;0;0;0;0;1
12:05:45.103752;0;0;0;0;0;0;1
12:05:45.104752;0;0;0;0;0;0;1
12:05:45.104752;0;0;0;0;0;0;1
12:05:45.117759;0;0;0;0;0;0;1
12:05:45.117759;0;0;0;0;0;0;1
12:05:45.132759;0;0;0;0;0;0;1
12:05:45.132759;0;0;0;0;0;0;1
12:05:45.133760;0;0;0;0;0;0;1
12:05:45.145818;0;0;0;0;0;0;1
12:05:45.146759;0;0;0;0;0;0;1
12:05:45.146759;0;0;0;0;0;0;1
12:05:45.159778;0;0;0;0;0;0;1
12:05:45.160758;0;0;0;0;0;0;1
12:05:45.160758;0;0;0;0;0;0;1
12:05:45.173759;0;0;0;0;0;0;1
12:05:45.173759;0;0;0;0;0;0;1
12:05:45.188664;0;0;0;0;0;0;1
12:05:45.189665;0;0;0;0;0;0;1
12:05:45.189665;0;0;0;0;0;0;1
12:05:45.202782;0;0;0;0;0;0;1
12:05:45.202782;0;0;0;0;0;0;1
12:05:45.203783;0;0;0;0;0;0;1
12:05:45.215783;0;0;0;0;0;0;1
12:05:45.215783;0;0;0;0;0;0;1
12:05:45.215783;0;0;0;0;0;0;1
12:05:45.228782;0;0;0;0;0;0;1
12:05:45.228782;0;0;0;0;0;0;1
12:05:45.244379;0;0;0;0;0;0;1
12:05:45.244379;0;0;0;0;0;0;1
12:05:45.245379;0;0;0;0;0;0;1
12:05:45.245379;0;0;0;0;0;0;1
12:05:45.259379;0;0;0;0;0;0;1
12:05:45.259379;0;0;0;0;0;0;1
12:05:45.260380;0;0;0;0;0;0;1
12:05:45.270390;0;0;0;0;0;0;1
12:05:45.270390;0;0;0;0;0;0;1
12:05:45.286078;0;0;0;0;0;0;1
12:05:45.286078;0;0;0;0;0;0;1
12:05:45.287078;0;0;0;0;0;0;1
12:05:45.299078;0;0;0;0;0;0;1
12:05:45.300078;0;0;0;0;0;0;1
12:05:45.300078;0;0;0;0;0;0;1
12:05:45.314079;0;0;0;0;0;0;1
12:05:45.314079;0;0;0;0;0;0;1
12:05:45.327077;0;0;0;0;0;0;1
12:05:45.327077;0;0;0;0;0;0;1
12:05:45.328078;0;0;0;0;0;0;1
12:05:45.340098;0;0;0;0;0;0;1
12:05:45.341077;0;0;0;0;0;0;1
12:05:45.341077;0;0;0;0;0;0;1
12:05:45.354079;0;0;0;0;0;0;1
12:05:45.354079;0;0;0;0;0;0;1
12:05:45.369078;0;0;0;0;0;0;1
12:05:45.369078;0;0;0;0;0;0;1
12:05:45.370077;0;0;0;0;0;0;1
12:05:45.370077;0;0;0;0;0;0;1
12:05:45.382958;0;0;0;0;0;0;1
12:05:45.382958;0;0;0;0;0;0;1
12:05:45.395960;0;0;0;0;0;0;1
12:05:45.395960;0;0;0;0;0;0;1
12:05:45.396983;0;0;0;0;0;0;1
12:05:45.411959;0;0;0;0;0;0;1
12:05:45.411959;0;0;0;0;0;0;1
12:05:45.411959;0;0;0;0;0;0;1
12:05:45.424958;0;0;0;0;0;0;1
12:05:45.424958;0;0;0;0;0;0;1
12:05:45.425959;0;0;0;0;0;0;1
12:05:45.438960;0;0;0;0;0;0;1
12:05:45.438960;0;0;0;0;0;0;1
12:05:45.451960;0;0;0;0;0;0;1
12:05:45.451960;0;0;0;0;0;0;1
12:05:45.452959;0;0;0;0;0;0;1
12:05:45.465960;0;0;0;0;0;0;1
12:05:45.465960;0;0;0;0;0;0;1
12:05:45.465960;0;0;0;0;0;0;1
12:05:45.478720;0;0;0;0;0;0;1
12:05:45.479701;0;0;0;0;0;0;1
12:05:45.479701;0;0;0;0;0;0;1
12:05:45.492683;0;0;0;0;0;0;1
12:05:45.492683;0;0;0;0;0;0;1
12:05:45.508682;0;0;0;0;0;0;1
12:05:45.508682;0;0;0;0;0;0;1
12:05:45.509683;0;0;0;0;0;0;1
12:05:45.521702;0;0;0;0;0;0;1
12:05:45.522682;0;0;0;0;0;0;1
12:05:45.522682;0;0;0;0;0;0;1
12:05:45.535683;0;0;0;0;0;0;1
12:05:45.535683;0;0;0;0;0;0;1
12:05:45.535683;0;0;0;0;0;0;1
12:05:45.548681;0;0;0;0;0;0;1
12:05:45.548681;0;0;0;0;0;0;1
12:05:45.563703;0;0;0;0;0;0;1
12:05:45.564682;0;0;0;0;0;0;1
12:05:45.564682;0;0;0;0;0;0;1
12:05:45.577280;0;0;0;0;0;0;1
12:05:45.578279;0;0;0;0;0;0;1
12:05:45.578279;0;0;0;0;0;0;1
12:05:45.591260;0;0;0;0;0;0;1
12:05:45.591260;0;0;0;0;0;0;1
12:05:45.591260;0;0;0;0;0;0;1
12:05:45.604260;0;0;0;0;0;0;1
12:05:45.604260;0;0;0;0;0;0;1
12:05:45.605259;0;0;0;0;0;0;1
12:05:45.619261;0;0;0;0;0;0;1
12:05:45.619261;0;0;0;0;0;0;1
12:05:45.620259;0;0;0;0;0;0;1
12:05:45.632259;0;0;0;0;0;0;1
12:05:45.633260;0;0;0;0;0;0;1
12:05:45.646260;0;0;0;0;0;0;1
12:05:45.646260;0;0;0;0;0;0;1
12:05:45.646260;0;0;0;0;0;0;1
12:05:45.659260;0;0;0;0;0;0;1
12:05:45.660260;0;0;0;0;0;0;1
12:05:45.660260;0;0;0;0;0;0;1
12:05:45.674807;0;0;0;0;0;0;1
12:05:45.675807;0;0;0;0;0;0;1
12:05:45.675807;0;0;0;0;0;0;1
12:05:45.688808;0;0;0;0;0;0;1
12:05:45.688808;0;0;0;0;0;0;1
12:05:45.701442;0;0;0;0;0;0;1
12:05:45.702442;0;0;0;0;0;0;1
12:05:45.702442;0;0;0;0;0;0;1
12:05:45.715685;0;0;0;0;0;0;1
12:05:45.715685;0;0;0;0;0;0;1
12:05:45.715685;0;0;0;0;0;0;1
12:05:45.728684;0;0;0;0;0;0;1
12:05:45.728684;0;0;0;0;0;0;1
12:05:45.744685;0;0;0;0;0;0;1
12:05:45.744685;0;0;0;0;0;0;1
12:05:45.744685;0;0;0;0;0;0;1
12:05:45.745684;0;0;0;0;0;0;1
12:05:45.756685;0;0;0;0;0;0;1
12:05:45.756685;0;0;0;0;0;0;1
12:05:45.771710;0;0;0;0;0;0;1
12:05:45.772705;0;0;0;0;0;0;1
12:05:45.772705;0;0;0;0;0;0;1
12:05:45.785322;0;0;0;0;0;0;1
12:05:45.785322;0;0;0;0;0;0;1
12:05:45.786320;0;0;0;0;0;0;1
12:05:45.798319;0;0;0;0;0;0;1
12:05:45.799321;0;0;0;0;0;0;1
12:05:45.813340;0;0;0;0;0;0;1
12:05:45.814320;0;0;0;0;0;0;1
12:05:45.815320;0;0;0;0;0;0;1
12:05:45.828340;0;0;0;0;0;0;1
12:05:45.828340;0;0;0;0;0;0;1
12:05:45.829321;0;0;0;0;0;0;1
12:05:45.839321;0;0;0;0;0;0;1
12:05:45.840321;0;0;0;0;0;0;1
12:05:45.841321;0;0;0;0;0;0;1
12:05:45.854321;0;0;0;0;0;0;1
12:05:45.854321;0;0;0;0;0;0;1
12:05:45.868321;0;0;0;0;0;0;1
12:05:45.869321;0;0;0;0;0;0;1
12:05:45.869321;0;0;0;0;0;0;1
12:05:45.883321;0;0;0;0;0;0;1
12:05:45.884322;0;0;0;0;0;0;1
12:05:45.885322;0;0;0;0;0;0;1
12:05:45.895320;0;0;0;0;0;0;1
12:05:45.896320;0;0;0;0;0;0;1
12:05:45.902345;0;0;0;0;0;0;1
12:05:45.907320;0;0;0;0;0;0;1
12:05:45.911344;0;0;0;0;0;0;1
12:05:45.927340;0;0;0;0;0;0;1
12:05:45.928320;0;0;0;0;0;0;1
12:05:45.929321;0;0;0;0;0;0;1
12:05:45.929321;0;0;0;0;0;0;1
12:05:45.936321;0;0;0;0;0;0;1
12:05:45.937320;0;0;0;0;0;0;1
12:05:45.951345;0;0;0;0;0;0;1
12:05:45.952340;0;0;0;0;0;0;1
12:05:45.953322;0;0;0;0;0;0;1
12:05:45.965321;0;0;0;0;0;0;1
12:05:45.966327;0;0;0;0;0;0;1
12:05:45.967320;0;0;0;0;0;0;1
12:05:45.980283;0;0;0;0;0;0;1
12:05:45.981264;0;0;0;0;0;0;1
12:05:45.982277;0;0;0;0;0;0;1
12:05:45.992263;0;0;0;0;0;0;1
12:05:45.993265;0;0;0;0;0;0;1
12:05:46.008296;0;0;0;0;0;0;1
12:05:46.009288;0;0;0;0;0;0;1
12:05:46.010264;0;0;0;0;0;0;1
12:05:46.021286;0;0;0;0;0;0;1
12:05:46.022288;0;0;0;0;0;0;1
12:05:46.023264;0;0;0;0;0;0;1
12:05:46.036264;0;0;0;0;0;0;1
12:05:46.037264;0;0;0;0;0;0;1
12:05:46.038264;0;0;0;0;0;0;1
12:05:46.047981;0;0;0;0;0;0;1
12:05:46.048981;0;0;0;0;0;0;1
12:05:46.061980;0;0;0;0;0;0;1
12:05:46.062980;0;0;0;0;0;0;1
12:05:46.063981;0;0;0;0;0;0;1
12:05:46.077002;0;0;0;0;0;0;1
12:05:46.077002;0;0;0;0;0;0;1
12:05:46.077981;0;0;0;0;0;0;1
12:05:46.089982;0;0;0;0;0;0;1
12:05:46.089982;0;0;0;0;0;0;1
12:05:46.090981;0;0;0;0;0;0;1
12:05:46.103981;0;0;0;0;0;0;1
12:05:46.105001;0;0;0;0;0;0;1
12:05:46.116980;0;0;0;0;0;0;1
12:05:46.117980;0;0;0;0;0;0;1
12:05:46.118988;0;0;0;0;0;0;1
12:05:46.131980;0;0;0;0;0;0;1
12:05:46.132981;0;0;0;0;0;0;1
12:05:46.133980;0;0;0;0;0;0;1
12:05:46.145980;0;0;0;0;0;0;1
12:05:46.146981;0;0;0;0;0;0;1
12:05:46.146981;0;0;0;0;0;0;1
12:05:46.159980;0;0;0;0;0;0;1
12:05:46.160981;0;0;0;0;0;0;1
12:05:46.161980;0;0;0;0;0;0;1
12:05:46.175745;0;0;0;0;0;0;1
12:05:46.176747;0;0;0;0;0;0;1
12:05:46.176747;0;0;0;0;0;0;1
12:05:46.187745;0;0;0;0;0;0;1
12:05:46.188746;0;0;0;0;0;0;1
12:05:46.201035;0;0;0;0;0;0;1
12:05:46.202035;0;0;0;0;0;0;1
12:05:46.203035;0;0;0;0;0;0;1
12:05:46.216035;0;0;0;0;0;0;1
12:05:46.217035;0;0;0;0;0;0;1
12:05:46.217035;0;0;0;0;0;0;1
12:05:46.229034;0;0;0;0;0;0;1
12:05:46.230034;0;0;0;0;0;0;1
12:05:46.231059;0;0;0;0;0;0;1
12:05:46.243034;0;0;0;0;0;0;1
12:05:46.244036;0;0;0;0;0;0;1
12:05:46.257056;0;0;0;0;0;0;1
12:05:46.258055;0;0;0;0;0;0;1
12:05:46.259034;0;0;0;0;0;0;1
12:05:46.272748;0;0;0;0;0;0;1
12:05:46.273748;0;0;0;0;0;0;1
12:05:46.273748;0;0;0;0;0;0;1
12:05:46.284748;0;0;0;0;0;0;1
12:05:46.284748;0;0;0;0;0;0;1
12:05:46.285749;0;0;0;0;0;0;1
12:05:46.298822;0;0;0;0;0;0;1
12:05:46.298822;0;0;0;0;0;0;1
12:05:46.312821;0;0;0;0;0;0;1
12:05:46.313821;0;0;0;0;0;0;1
12:05:46.313821;0;0;0;0;0;0;1
12:05:46.327823;0;0;0;0;0;0;1
12:05:46.328844;0;0;0;0;0;0;1
12:05:46.328844;0;0;0;0;0;0;1
12:05:46.339820;0;0;0;0;0;0;1
12:05:46.339820;0;0;0;0;0;0;1
12:05:46.340822;0;0;0;0;0;0;1
12:05:46.353842;0;0;0;0;0;0;1
12:05:46.354821;0;0;0;0;0;0;1
12:05:46.369822;0;0;0;0;0;0;1
12:05:46.370823;0;0;0;0;0;0;1
12:05:46.371822;0;0;0;0;0;0;1
12:05:46.371822;0;0;0;0;0;0;1
12:05:46.382169;0;0;0;0;0;0;1
12:05:46.383160;0;0;0;0;0;0;1
12:05:46.395785;0;0;0;0;0;0;1
12:05:46.396783;0;0;0;0;0;0;1
12:05:46.397800;0;0;0;0;0;0;1
12:05:46.409783;0;0;0;0;0;0;1
12:05:46.410783;0;0;0;0;0;0;1
12:05:46.411786;0;0;0;0;0;0;1
12:05:46.422784;0;0;0;0;0;0;1
12:05:46.423784;0;0;0;0;0;0;1
12:05:46.438784;0;0;0;0;0;0;1
12:05:46.439784;0;0;0;0;0;0;1
12:05:46.439784;0;0;0;0;0;0;1
12:05:46.452785;0;0;0;0;0;0;1
12:05:46.453784;0;0;0;0;0;0;1
12:05:46.454784;0;0;0;0;0;0;1
12:05:46.464783;0;0;0;0;0;0;1
12:05:46.465784;0;0;0;0;0;0;1
12:05:46.465784;0;0;0;0;0;0;1
12:05:46.479406;0;0;0;0;0;0;1
12:05:46.479406;0;0;0;0;0;0;1
12:05:46.480408;0;0;0;0;0;0;1
12:05:46.493059;0;0;0;0;0;0;1
12:05:46.494059;0;0;0;0;0;0;1
12:05:46.508059;0;0;0;0;0;0;1
12:05:46.509060;0;0;0;0;0;0;1
12:05:46.510060;0;0;0;0;0;0;1
12:05:46.520085;0;0;0;0;0;0;1
12:05:46.521060;0;0;0;0;0;0;1
12:05:46.522068;0;0;0;0;0;0;1
12:05:46.535085;0;0;0;0;0;0;1
12:05:46.535085;0;0;0;0;0;0;1
12:05:46.536060;0;0;0;0;0;0;1
12:05:46.551061;0;0;0;0;0;0;1
12:05:46.552059;0;0;0;0;0;0;1
12:05:46.553060;0;0;0;0;0;0;1
12:05:46.563060;0;0;0;0;0;0;1
12:05:46.564060;0;0;0;0;0;0;1
12:05:46.576079;0;0;0;0;0;0;1
12:05:46.577083;0;0;0;0;0;0;1
12:05:46.578059;0;0;0;0;0;0;1
12:05:46.591059;0;0;0;0;0;0;1
12:05:46.592060;0;0;0;0;0;0;1
12:05:46.593059;0;0;0;0;0;0;1
12:05:46.606060;0;0;0;0;0;0;1
12:05:46.607060;0;0;0;0;0;0;1
12:05:46.607060;0;0;0;0;0;0;1
12:05:46.618059;0;0;0;0;0;0;1
12:05:46.619060;0;0;0;0;0;0;1
12:05:46.631060;0;0;0;0;0;0;1
12:05:46.632059;0;0;0;0;0;0;1
12:05:46.633059;0;0;0;0;0;0;1
12:05:46.645058;0;0;0;0;0;0;1
12:05:46.646080;0;0;0;0;0;0;1
12:05:46.647060;0;0;0;0;0;0;1
12:05:46.659078;0;0;0;0;0;0;1
12:05:46.660060;0;0;0;0;0;0;1
12:05:46.660060;0;0;0;0;0;0;1
12:05:46.673059;0;0;0;0;0;0;1
12:05:46.674059;0;0;0;0;0;0;1
12:05:46.689060;0;0;0;0;0;0;1
12:05:46.689060;0;0;0;0;0;0;1
12:05:46.690060;0;0;0;0;0;0;1
12:05:46.701023;0;0;0;0;0;0;1
12:05:46.701023;0;0;0;0;0;0;1
12:05:46.702023;0;0;0;0;0;0;1
12:05:46.715024;0;0;0;0;0;0;1
12:05:46.716049;0;0;0;0;0;0;1
12:05:46.716049;0;0;0;0;0;0;1
12:05:46.730025;0;0;0;0;0;0;1
12:05:46.731044;0;0;0;0;0;0;1
12:05:46.732023;0;0;0;0;0;0;1
12:05:46.742809;0;0;0;0;0;0;1
12:05:46.743830;0;0;0;0;0;0;1
12:05:46.756810;0;0;0;0;0;0;1
12:05:46.756810;0;0;0;0;0;0;1
12:05:46.757828;0;0;0;0;0;0;1
12:05:46.770808;0;0;0;0;0;0;1
12:05:46.771808;0;0;0;0;0;0;1
12:05:46.772808;0;0;0;0;0;0;1
12:05:46.784808;0;0;0;0;0;0;1
12:05:46.785808;0;0;0;0;0;0;1
12:05:46.786809;0;0;0;0;0;0;1
12:05:46.799978;0;0;0;0;0;0;1
12:05:46.799978;0;0;0;0;0;0;1
12:05:46.800978;0;0;0;0;0;0;1
12:05:46.812977;0;0;0;0;0;0;1
12:05:46.813977;0;0;0;0;0;0;1
12:05:46.827839;0;0;0;0;0;0;1
12:05:46.828840;0;0;0;0;0;0;1
12:05:46.829819;0;0;0;0;0;0;1
12:05:46.840819;0;0;0;0;0;0;1
12:05:46.841820;0;0;0;0;0;0;1
12:05:46.841820;0;0;0;0;0;0;1
12:05:46.853820;0;0;0;0;0;0;1
12:05:46.854846;0;0;0;0;0;0;1
12:05:46.855820;0;0;0;0;0;0;1
12:05:46.867820;0;0;0;0;0;0;1
12:05:46.868819;0;0;0;0;0;0;1
12:05:46.882819;0;0;0;0;0;0;1
12:05:46.883820;0;0;0;0;0;0;1
12:05:46.884821;0;0;0;0;0;0;1
12:05:46.896818;0;0;0;0;0;0;1
12:05:46.897818;0;0;0;0;0;0;1
12:05:46.898820;0;0;0;0;0;0;1
12:05:51.615800;0;0;0;0;0;0;1
12:05:51.616800;0;0;0;0;0;0;1
12:05:51.617819;0;0;0;0;0;0;1
12:05:51.625795;0;0;0;0;0;0;1
12:05:51.626795;0;0;0;0;0;0;1
12:05:51.637797;0;0;0;0;0;0;1
12:05:51.638795;0;0;0;0;0;0;1
12:05:51.646795;0;0;0;0;0;0;1
12:05:51.647795;0;0;0;0;0;0;1
12:05:51.653796;0;0;0;0;0;0;1
12:05:51.667794;0;0;0;0;0;0;1
12:05:51.668796;0;0;0;0;0;0;1
12:05:51.668796;0;0;0;0;0;0;1
12:05:51.680795;0;0;0;0;0;0;1
12:05:51.681795;0;0;0;0;0;0;1
12:05:51.682795;0;0;0;0;0;0;1
12:05:51.695794;0;0;0;0;0;0;1
12:05:51.696795;0;0;0;0;0;0;1
12:05:51.697795;0;0;0;0;0;0;1
12:05:51.707795;0;0;0;0;0;0;1
12:05:51.707795;0;0;0;0;0;0;1
12:05:51.723795;0;0;0;0;0;0;1
12:05:51.724795;0;0;0;0;0;0;1
12:05:51.725795;0;0;0;0;0;0;1
12:05:51.734795;0;0;0;0;0;0;1
12:05:51.735796;0;0;0;0;0;0;1
12:05:51.750795;0;0;0;0;0;0;1
12:05:51.750795;0;0;0;0;0;0;1
12:05:51.751795;0;0;0;0;0;0;1
12:05:51.752795;0;0;0;0;0;0;1
12:05:51.763795;0;0;0;0;0;0;1
12:05:51.764795;0;0;0;0;0;0;1
12:05:51.778795;0;0;0;0;0;0;1
12:05:51.779794;0;0;0;0;0;0;1
12:05:51.780796;0;0;0;0;0;0;1
12:05:51.789796;0;0;0;0;0;0;1
12:05:51.790795;0;0;0;0;0;0;1
12:05:51.791795;0;0;0;0;0;0;1
12:05:51.804794;0;0;0;0;0;0;1
12:05:51.804794;0;0;0;0;0;0;1
12:05:51.819794;0;0;0;0;0;0;1
12:05:51.820796;0;0;0;0;0;0;1
12:05:51.821796;0;0;0;0;0;0;1
12:05:51.822808;0;0;0;0;0;0;1
12:05:51.831795;0;0;0;0;0;0;1
12:05:51.832796;0;0;0;0;0;0;1
12:05:51.847795;0;0;0;0;0;0;1
12:05:51.848795;0;0;0;0;0;0;1
12:05:51.849796;0;0;0;0;0;0;1
