Point`s of stimul`s start time :22:47:57.03468: Delay before stimul appears :3,316997: Velocity :50:
Timestamp;Position.x;Position.y;Position.z;Is_false_stimul;Is_catched
22:47:57.55463;-2,394141;1;6,577848;1;0
22:47:57.55560;-2,394141;1;6,577848;1;0
22:47:57.55660;-2,394141;1;6,577848;1;0
22:47:57.55761;-2,394141;1;6,577848;1;0
22:47:57.55860;-2,394141;1;6,577848;1;0
22:47:57.55961;-2,394141;1;6,577848;1;0
22:47:57.56060;-2,394141;1;6,577848;1;0
22:47:57.56160;-2,394141;1;6,577848;1;0
22:47:57.56263;-2,394141;1;6,577848;1;0
22:47:57.56360;-2,394141;1;6,577848;1;0
22:47:57.56462;-2,394141;1;6,577848;1;0
22:47:57.56562;-2,394141;1;6,577848;1;0
22:47:57.56662;-2,394141;1;6,577848;1;0
22:47:57.56760;-2,394141;1;6,577848;1;0
22:47:57.57361;-2,394141;1;6,577848;1;0
22:47:57.57460;-2,394141;1;6,577848;1;0
22:47:57.57563;-2,394141;1;6,577848;1;0
22:47:57.57660;-2,394141;1;6,577848;1;0
22:47:57.57760;-2,394141;1;6,577848;1;0
22:47:57.57860;-2,394141;1;6,577848;1;0
22:47:57.57860;-2,394141;1;6,577848;1;0
22:47:57.57960;-2,394141;1;6,577848;1;0
22:47:57.58060;-2,394141;1;6,577848;1;0
22:47:57.58160;-2,394141;1;6,577848;1;0
22:47:57.58160;-2,394141;1;6,577848;1;0
22:47:57.58260;-2,394141;1;6,577848;1;0
22:47:57.58360;-2,394141;1;6,577848;1;0
22:47:57.58461;-2,394141;1;6,577848;1;0
22:47:57.58561;-2,394141;1;6,577848;1;0
22:47:57.58663;-2,394141;1;6,577848;1;0
22:47:57.58763;-2,394141;1;6,577848;1;0
22:47:57.58763;-2,394141;1;6,577848;1;0
22:47:57.58860;-2,394141;1;6,577848;1;0
22:47:57.58963;-2,394141;1;6,577848;1;0
22:47:57.59060;-2,394141;1;6,577848;1;0
22:47:57.59160;-2,394141;1;6,577848;1;0
22:47:57.59160;-2,394141;1;6,577848;1;0
22:47:57.59261;-2,394141;1;6,577848;1;0
22:47:57.59360;-2,394141;1;6,577848;1;0
22:47:57.59460;-2,394141;1;6,577848;1;0
22:47:57.60560;-2,394141;1;6,577848;1;0
22:47:57.60660;-2,394141;1;6,577848;1;0
22:47:57.60760;-2,394141;1;6,577848;1;0
22:47:57.60860;-2,394141;1;6,577848;1;0
22:47:57.60860;-2,394141;1;6,577848;1;0
22:47:57.60960;-2,394141;1;6,577848;1;0
22:47:57.61060;-2,394141;1;6,577848;1;0
22:47:57.61060;-2,394141;1;6,577848;1;0
22:47:57.61160;-2,394141;1;6,577848;1;0
22:47:57.61260;-2,394141;1;6,577848;1;0
22:47:57.62360;-2,394141;1;6,577848;1;0
22:47:57.62461;-2,394141;1;6,577848;1;0
22:47:57.62461;-2,394141;1;6,577848;1;0
22:47:57.62560;-2,394141;1;6,577848;1;0
22:47:57.63760;-2,394141;1;6,577848;1;0
22:47:57.63860;-2,394141;1;6,577848;1;0
22:47:57.63960;-2,394141;1;6,577848;1;0
22:47:57.64861;-2,394141;1;6,577848;1;0
22:47:57.64960;-2,394141;1;6,577848;1;0
22:47:57.66560;-2,394141;1;6,577848;1;0
22:47:57.66662;-2,394141;1;6,577848;1;0
22:47:57.66760;-2,394141;1;6,577848;1;0
22:47:57.67760;-2,394141;1;6,577848;1;0
22:47:57.67861;-2,394141;1;6,577848;1;0
22:47:57.67861;-2,394141;1;6,577848;1;0
22:47:57.69360;-2,394141;1;6,577848;1;0
22:47:57.69460;-2,394141;1;6,577848;1;0
22:47:57.69560;-2,394141;1;6,577848;1;0
22:47:57.70260;-2,394141;1;6,577848;1;0
22:47:57.70360;-2,394141;1;6,577848;1;0
22:47:57.71960;-2,394141;1;6,577848;1;0
22:47:57.72060;-2,394141;1;6,577848;1;0
22:47:57.72160;-2,394141;1;6,577848;1;0
22:47:57.73860;-2,394141;1;6,577848;1;0
22:47:57.73860;-2,394141;1;6,577848;1;0
22:47:57.73960;-2,394141;1;6,577848;1;0
22:47:57.74060;-2,394141;1;6,577848;1;0
22:47:57.74661;-2,394141;1;6,577848;1;0
22:47:57.76160;-2,394141;1;6,577848;1;0
22:47:57.76260;-2,394141;1;6,577848;1;0
22:47:57.76360;-2,394141;1;6,577848;1;0
22:47:57.76460;-2,394141;1;6,577848;1;0
22:47:57.77460;-2,394141;1;6,577848;1;0
22:47:57.77460;-2,394141;1;6,577848;1;0
22:47:57.78760;-2,394141;1;6,577848;1;0
22:47:57.78860;-2,394141;1;6,577848;1;0
22:47:57.78960;-2,394141;1;6,577848;1;0
22:47:57.80260;-2,394141;1;6,577848;1;0
22:47:57.80360;-2,394141;1;6,577848;1;0
22:47:57.80360;-2,394141;1;6,577848;1;0
22:47:57.81860;-2,394141;1;6,577848;1;0
22:47:57.81960;-2,394141;1;6,577848;1;0
22:47:57.81960;-2,394141;1;6,577848;1;0
22:47:57.83060;-2,394141;1;6,577848;1;0
22:47:57.83160;-2,394141;1;6,577848;1;0
22:47:57.84560;-2,394141;1;6,577848;1;0
22:47:57.84660;-2,394141;1;6,577848;1;0
22:47:57.84760;-2,394141;1;6,577848;1;0
22:47:57.86060;-2,394141;1;6,577848;1;0
22:47:57.86160;-2,394141;1;6,577848;1;0
22:47:57.86260;-2,394141;1;6,577848;1;0
22:47:57.87260;-2,394141;1;6,577848;1;0
22:47:57.87360;-2,394141;1;6,577848;1;0
22:47:57.87461;-2,394141;1;6,577848;1;0
22:47:57.88560;-2,394141;1;6,577848;1;0
22:47:57.88660;-2,394141;1;6,577848;1;0
22:47:57.90060;-2,394141;1;6,577848;1;0
22:47:57.90160;-2,394141;1;6,577848;1;0
22:47:57.90260;-2,394141;1;6,577848;1;0
22:47:57.91460;-2,394141;1;6,577848;1;0
22:47:57.91560;-2,394141;1;6,577848;1;0
22:47:57.91660;-2,394141;1;6,577848;1;0
22:47:57.92860;-2,394141;1;6,577848;1;0
22:47:57.92860;-2,394141;1;6,577848;1;0
22:47:57.92960;-2,394141;1;6,577848;1;0
22:47:57.94160;-2,394141;1;6,577848;1;0
22:47:57.94260;-2,394141;1;6,577848;1;0
22:47:57.95560;-2,394141;1;6,577848;1;0
22:47:57.95660;-2,394141;1;6,577848;1;0
22:47:57.95660;-2,394141;1;6,577848;1;0
22:47:57.97260;-2,394141;1;6,577848;1;0
22:47:57.97361;-2,394141;1;6,577848;1;0
22:47:57.97460;-2,394141;1;6,577848;1;0
22:47:57.97560;-2,394141;1;6,577848;1;0
22:47:57.98260;-2,394141;1;6,577848;1;0
22:47:57.98662;-2,394141;1;6,577848;1;0
22:47:58.00160;-2,394141;1;6,577848;1;0
22:47:58.00260;-2,394141;1;6,577848;1;0
22:47:58.00260;-2,394141;1;6,577848;1;0
22:47:58.00960;-2,394141;1;6,577848;1;0
22:47:58.01060;-2,394141;1;6,577848;1;0
22:47:58.02460;-2,394141;1;6,577848;1;0
22:47:58.02560;-2,394141;1;6,577848;1;0
22:47:58.02660;-2,394141;1;6,577848;1;0
22:47:58.04160;-2,394141;1;6,577848;1;0
22:47:58.04260;-2,394141;1;6,577848;1;0
22:47:58.04360;-2,394141;1;6,577848;1;0
22:47:58.04460;-2,394141;1;6,577848;1;0
22:47:58.05160;-2,394141;1;6,577848;1;0
22:47:58.06660;-2,394141;1;6,577848;1;0
22:47:58.06760;-2,394141;1;6,577848;1;0
22:47:58.06862;-2,394141;1;6,577848;1;0
22:47:58.08160;-2,394141;1;6,577848;1;0
22:47:58.08260;-2,394141;1;6,577848;1;0
22:47:58.08260;-2,394141;1;6,577848;1;0
22:47:58.09360;-2,394141;1;6,577848;1;0
22:47:58.09460;-2,394141;1;6,577848;1;0
22:47:58.09560;-2,394141;1;6,577848;1;0
22:47:58.11260;-2,394141;1;6,577848;1;0
22:47:58.11360;-2,394141;1;6,577848;1;0
22:47:58.11460;-2,394141;1;6,577848;1;0
22:47:58.11560;-2,394141;1;6,577848;1;0
22:47:58.12160;-2,394141;1;6,577848;1;0
22:47:58.13560;-2,394141;1;6,577848;1;0
22:47:58.13660;-2,394141;1;6,577848;1;0
22:47:58.13660;-2,394141;1;6,577848;1;0
22:47:58.15060;-2,394141;1;6,577848;1;0
22:47:58.15160;-2,394141;1;6,577848;1;0
22:47:58.15160;-2,394141;1;6,577848;1;0
22:47:58.16261;-2,394141;1;6,577848;1;0
22:47:58.16360;-2,394141;1;6,577848;1;0
22:47:58.16460;-2,394141;1;6,577848;1;0
22:47:58.17860;-2,394141;1;6,577848;1;0
22:47:58.17960;-2,394141;1;6,577848;1;0
22:47:58.17960;-2,394141;1;6,577848;1;0
22:47:58.19260;-2,394141;1;6,577848;1;0
22:47:58.19360;-2,394141;1;6,577848;1;0
22:47:58.19360;-2,394141;1;6,577848;1;0
22:47:58.20660;-2,394141;1;6,577848;1;0
22:47:58.20760;-2,394141;1;6,577848;1;0
22:47:58.21960;-2,394141;1;6,577848;1;0
22:47:58.22060;-2,394141;1;6,577848;1;0
22:47:58.22160;-2,394141;1;6,577848;1;0
22:47:58.23360;-2,394141;1;6,577848;1;0
22:47:58.23460;-2,394141;1;6,577848;1;0
22:47:58.23560;-2,394141;1;6,577848;1;0
22:47:58.24760;-2,394141;1;6,577848;1;0
22:47:58.24860;-2,394141;1;6,577848;1;0
22:47:58.24960;-2,394141;1;6,577848;1;0
22:47:58.25960;-2,394141;1;6,577848;1;0
22:47:58.26060;-2,394141;1;6,577848;1;0
22:47:58.27660;-2,394141;1;6,577848;1;0
22:47:58.27760;-2,394141;1;6,577848;1;0
22:47:58.27860;-2,394141;1;6,577848;1;0
22:47:58.29060;-2,394141;1;6,577848;1;0
22:47:58.29160;-2,394141;1;6,577848;1;0
22:47:58.29160;-2,394141;1;6,577848;1;0
22:47:58.30460;-2,394141;1;6,577848;1;0
22:47:58.30460;-2,394141;1;6,577848;1;0
22:47:58.30560;-2,394141;1;6,577848;1;0
22:47:58.31660;-2,394141;1;6,577848;1;0
22:47:58.31760;-2,394141;1;6,577848;1;0
22:47:58.33460;-2,394141;1;6,577848;1;0
22:47:58.33460;-2,394141;1;6,577848;1;0
22:47:58.33560;-2,394141;1;6,577848;1;0
22:47:58.33660;-2,394141;1;6,577848;1;0
22:47:58.34260;-2,394141;1;6,577848;1;0
22:47:58.34360;-2,394141;1;6,577848;1;0
22:47:58.35760;-2,394141;1;6,577848;1;0
22:47:58.35860;-2,394141;1;6,577848;1;0
22:47:58.35960;-2,394141;1;6,577848;1;0
22:47:58.37860;-2,394141;1;6,577848;1;0
22:47:58.37860;-2,394141;1;6,577848;1;0
22:47:58.37960;-2,394141;1;6,577848;1;0
22:47:58.38060;-2,394141;1;6,577848;1;0
22:47:58.38660;-2,394141;1;6,577848;1;0
22:47:58.39860;-2,394141;1;6,577848;1;0
22:47:58.39960;-2,394141;1;6,577848;1;0
22:47:58.40060;-2,394141;1;6,577848;1;0
22:47:58.41360;-2,394141;1;6,577848;1;0
22:47:58.41460;-2,394141;1;6,577848;1;0
22:47:58.41560;-2,394141;1;6,577848;1;0
22:47:58.42860;-2,394141;1;6,577848;1;0
22:47:58.42860;-2,394141;1;6,577848;1;0
22:47:58.42960;-2,394141;1;6,577848;1;0
22:47:58.44160;-2,394141;1;6,577848;1;0
22:47:58.44160;-2,394141;1;6,577848;1;0
22:47:58.45760;-2,394141;1;6,577848;1;0
22:47:58.45760;-2,394141;1;6,577848;1;0
22:47:58.45860;-2,394141;1;6,577848;1;0
22:47:58.45960;-2,394141;1;6,577848;1;0
22:47:58.47060;-2,394141;1;6,577848;1;0
22:47:58.47060;-2,394141;1;6,577848;1;0
22:47:58.48660;-2,394141;1;6,577848;1;0
22:47:58.48660;-2,394141;1;6,577848;1;0
22:47:58.48760;-2,394141;1;6,577848;1;0
22:47:58.50060;-2,394141;1;6,577848;1;0
22:47:58.50160;-2,394141;1;6,577848;1;0
22:47:58.50260;-2,394141;1;6,577848;1;0
22:47:58.50860;-2,394141;1;6,577848;1;0
22:47:58.50960;-2,394141;1;6,577848;1;0
22:47:58.52660;-2,394141;1;6,577848;1;0
22:47:58.52760;-2,394141;1;6,577848;1;0
22:47:58.52860;-2,394141;1;6,577848;1;0
22:47:58.53860;-2,394141;1;6,577848;1;0
22:47:58.53860;-2,394141;1;6,577848;1;0
22:47:58.53960;-2,394141;1;6,577848;1;0
22:47:58.55460;-2,394141;1;6,577848;1;0
22:47:58.55560;-2,394141;1;6,577848;1;0
22:47:58.55560;-2,394141;1;6,577848;1;0
22:47:58.56560;-2,394141;1;6,577848;1;0
22:47:58.56660;-2,394141;1;6,577848;1;0
22:47:58.58060;-2,394141;1;6,577848;1;0
22:47:58.58060;-2,394141;1;6,577848;1;0
22:47:58.58160;-2,394141;1;6,577848;1;0
22:47:58.59560;-2,394141;1;6,577848;1;0
22:47:58.59660;-2,394141;1;6,577848;1;0
22:47:58.59760;-2,394141;1;6,577848;1;0
22:47:58.60960;-2,394141;1;6,577848;1;0
22:47:58.61060;-2,394141;1;6,577848;1;0
22:47:58.61160;-2,394141;1;6,577848;1;0
22:47:58.61860;-2,394141;1;6,577848;1;0
22:47:58.61960;-2,394141;1;6,577848;1;0
22:47:58.63760;-2,394141;1;6,577848;1;0
22:47:58.63760;-2,394141;1;6,577848;1;0
22:47:58.63860;-2,394141;1;6,577848;1;0
22:47:58.63960;-2,394141;1;6,577848;1;0
22:47:58.64960;-2,394141;1;6,577848;1;0
22:47:58.65060;-2,394141;1;6,577848;1;0
22:47:58.66560;-2,394141;1;6,577848;1;0
22:47:58.66660;-2,394141;1;6,577848;1;0
22:47:58.66760;-2,394141;1;6,577848;1;0
22:47:58.67860;-2,394141;1;6,577848;1;0
22:47:58.67960;-2,394141;1;6,577848;1;0
22:47:58.68060;-2,394141;1;6,577848;1;0
22:47:58.69060;-2,394141;1;6,577848;1;0
22:47:58.69160;-2,394141;1;6,577848;1;0
22:47:58.70560;-2,394141;1;6,577848;1;0
22:47:58.70560;-2,394141;1;6,577848;1;0
22:47:58.70660;-2,394141;1;6,577848;1;0
22:47:58.72060;-2,394141;1;6,577848;1;0
22:47:58.72060;-2,394141;1;6,577848;1;0
22:47:58.72160;-2,394141;1;6,577848;1;0
22:47:58.73160;-2,394141;1;6,577848;1;0
22:47:58.73260;-2,394141;1;6,577848;1;0
22:47:58.74660;-2,394141;1;6,577848;1;0
22:47:58.74660;-2,394141;1;6,577848;1;0
22:47:58.74760;-2,394141;1;6,577848;1;0
22:47:58.76060;-2,394141;1;6,577848;1;0
22:47:58.76160;-2,394141;1;6,577848;1;0
22:47:58.76260;-2,394141;1;6,577848;1;0
22:47:58.77460;-2,394141;1;6,577848;1;0
22:47:58.77560;-2,394141;1;6,577848;1;0
22:47:58.77660;-2,394141;1;6,577848;1;0
22:47:58.78660;-2,394141;1;6,577848;1;0
22:47:58.78760;-2,394141;1;6,577848;1;0
22:47:58.80160;-2,394141;1;6,577848;1;0
22:47:58.80260;-2,394141;1;6,577848;1;0
22:47:58.80360;-2,394141;1;6,577848;1;0
22:47:58.81560;-2,394141;1;6,577848;1;0
22:47:58.81660;-2,394141;1;6,577848;1;0
22:47:58.81760;-2,394141;1;6,577848;1;0
22:47:58.83260;-2,394141;1;6,577848;1;0
22:47:58.83360;-2,394141;1;6,577848;1;0
22:47:58.83460;-2,394141;1;6,577848;1;0
22:47:58.83560;-2,394141;1;6,577848;1;0
22:47:58.84060;-2,394141;1;6,577848;1;0
22:47:58.85860;-2,394141;1;6,577848;1;0
22:47:58.85960;-2,394141;1;6,577848;1;0
22:47:58.86060;-2,394141;1;6,577848;1;0
22:47:58.86160;-2,394141;1;6,577848;1;0
22:47:58.87160;-2,394141;1;6,577848;1;0
22:47:58.87260;-2,394141;1;6,577848;1;0
22:47:58.88560;-2,394141;1;6,577848;1;0
22:47:58.88660;-2,394141;1;6,577848;1;0
22:47:58.88660;-2,394141;1;6,577848;1;0
22:47:58.89960;-2,394141;1;6,577848;1;0
22:47:58.90060;-2,394141;1;6,577848;1;0
22:47:58.90160;-2,394141;1;6,577848;1;0
22:47:58.91460;-2,394141;1;6,577848;1;0
22:47:58.91560;-2,394141;1;6,577848;1;0
22:47:58.91560;-2,394141;1;6,577848;1;0
22:47:58.93160;-2,394141;1;6,577848;1;0
22:47:58.93260;-2,394141;1;6,577848;1;0
22:47:58.93360;-2,394141;1;6,577848;1;0
22:47:58.94060;-2,394141;1;6,577848;1;0
22:47:58.94060;-2,394141;1;6,577848;1;0
22:47:58.95560;-2,394141;1;6,577848;1;0
22:47:58.95660;-2,394141;1;6,577848;1;0
22:47:58.95760;-2,394141;1;6,577848;1;0
22:47:58.96960;-2,394141;1;6,577848;1;0
22:47:58.97060;-2,394141;1;6,577848;1;0
22:47:58.97160;-2,394141;1;6,577848;1;0
22:47:58.98260;-2,394141;1;6,577848;1;0
22:47:58.98360;-2,394141;1;6,577848;1;0
22:47:58.98460;-2,394141;1;6,577848;1;0
22:47:58.99660;-2,394141;1;6,577848;1;0
22:47:58.99760;-2,394141;1;6,577848;1;0
22:47:59.01060;-2,394141;1;6,577848;1;0
22:47:59.01060;-2,394141;1;6,577848;1;0
22:47:59.01160;-2,394141;1;6,577848;1;0
22:47:59.02660;-2,394141;1;6,577848;1;0
22:47:59.02760;-2,394141;1;6,577848;1;0
22:47:59.02860;-2,394141;1;6,577848;1;0
22:47:59.04160;-2,394141;1;6,577848;1;0
22:47:59.04260;-2,394141;1;6,577848;1;0
22:47:59.04360;-2,394141;1;6,577848;1;0
22:47:59.05160;-2,394141;1;6,577848;1;0
22:47:59.05260;-2,394141;1;6,577848;1;0
22:47:59.05360;-2,394141;1;6,577848;1;0
22:47:59.06560;-2,394141;1;6,577848;1;0
22:47:59.06660;-2,394141;1;6,577848;1;0
22:47:59.07960;-2,394141;1;6,577848;1;0
22:47:59.08060;-2,394141;1;6,577848;1;0
22:47:59.08160;-2,394141;1;6,577848;1;0
22:47:59.09560;-2,394141;1;6,577848;1;0
22:47:59.09560;-2,394141;1;6,577848;1;0
22:47:59.09660;-2,394141;1;6,577848;1;0
22:47:59.10961;-2,394141;1;6,577848;1;0
22:47:59.11060;-2,394141;1;6,577848;1;0
22:47:59.11160;-2,394141;1;6,577848;1;0
22:47:59.12360;-2,394141;1;6,577848;1;0
22:47:59.12360;-2,394141;1;6,577848;1;0
22:47:59.12460;-2,394141;1;6,577848;1;0
22:47:59.13860;-2,394141;1;6,577848;1;0
22:47:59.13860;-2,394141;1;6,577848;1;0
22:47:59.13960;-2,394141;1;6,577848;1;0
22:47:59.14960;-2,394141;1;6,577848;1;0
22:47:59.15060;-2,394141;1;6,577848;1;0
22:47:59.16460;-2,394141;1;6,577848;1;0
22:47:59.16560;-2,394141;1;6,577848;1;0
22:47:59.16560;-2,394141;1;6,577848;1;0
22:47:59.17960;-2,394141;1;6,577848;1;0
22:47:59.18060;-2,394141;1;6,577848;1;0
22:47:59.18060;-2,394141;1;6,577848;1;0
22:47:59.18960;-2,394141;1;6,577848;1;0
22:47:59.18960;-2,394141;1;6,577848;1;0
22:47:59.20560;-2,394141;1;6,577848;1;0
22:47:59.20661;-2,394141;1;6,577848;1;0
22:47:59.20760;-2,394141;1;6,577848;1;0
22:47:59.21960;-2,394141;1;6,577848;1;0
22:47:59.22060;-2,394141;1;6,577848;1;0
22:47:59.22160;-2,394141;1;6,577848;1;0
22:47:59.23460;-2,394141;1;6,577848;1;0
22:47:59.23560;-2,394141;1;6,577848;1;0
22:47:59.23660;-2,394141;1;6,577848;1;0
22:47:59.24660;-2,394141;1;6,577848;1;0
22:47:59.24660;-2,394141;1;6,577848;1;0
22:47:59.25960;-2,394141;1;6,577848;1;0
22:47:59.26060;-2,394141;1;6,577848;1;0
22:47:59.26160;-2,394141;1;6,577848;1;0
22:47:59.27460;-2,394141;1;6,577848;1;0
22:47:59.27560;-2,394141;1;6,577848;1;0
22:47:59.27660;-2,394141;1;6,577848;1;0
22:47:59.28960;-2,394141;1;6,577848;1;0
22:47:59.29060;-2,394141;1;6,577848;1;0
22:47:59.29160;-2,394141;1;6,577848;1;0
22:47:59.30360;-2,394141;1;6,577848;1;0
22:47:59.30460;-2,394141;1;6,577848;1;0
22:47:59.30460;-2,394141;1;6,577848;1;0
22:47:59.31760;-2,394141;1;6,577848;1;0
22:47:59.31860;-2,394141;1;6,577848;1;0
22:47:59.31960;-2,394141;1;6,577848;1;0
22:47:59.32860;-2,394141;1;6,577848;1;0
22:47:59.32960;-2,394141;1;6,577848;1;0
22:47:59.34560;-2,394141;1;6,577848;1;0
22:47:59.34560;-2,394141;1;6,577848;1;0
22:47:59.34660;-2,394141;1;6,577848;1;0
22:47:59.36060;-2,394141;1;6,577848;1;0
22:47:59.36060;-2,394141;1;6,577848;1;0
22:47:59.36160;-2,394141;1;6,577848;1;0
22:47:59.37260;-2,394141;1;6,577848;1;0
22:47:59.37360;-2,394141;1;6,577848;1;0
22:47:59.37360;-2,394141;1;6,577848;1;0
22:47:59.38660;-2,394141;1;6,577848;1;0
22:47:59.38760;-2,394141;1;6,577848;1;0
22:47:59.39860;-2,394141;1;6,577848;1;0
22:47:59.39960;-2,394141;1;6,577848;1;0
22:47:59.39960;-2,394141;1;6,577848;1;0
22:47:59.41360;-2,394141;1;6,577848;1;0
22:47:59.41360;-2,394141;1;6,577848;1;0
22:47:59.41460;-2,394141;1;6,577848;1;0
22:47:59.42660;-2,394141;1;6,577848;1;0
22:47:59.42760;-2,394141;1;6,577848;1;0
22:47:59.44260;-2,394141;1;6,577848;1;0
22:47:59.44360;-2,394141;1;6,577848;1;0
22:47:59.44460;-2,394141;1;6,577848;1;0
22:47:59.44460;-2,394141;1;6,577848;1;0
22:47:59.45760;-2,394141;1;6,577848;1;0
22:47:59.45860;-2,394141;1;6,577848;1;0
22:47:59.45960;-2,394141;1;6,577848;1;0
22:47:59.47060;-2,394141;1;6,577848;1;0
22:47:59.47160;-2,394141;1;6,577848;1;0
22:47:59.48460;-2,394141;1;6,577848;1;0
22:47:59.48560;-2,394141;1;6,577848;1;0
22:47:59.48560;-2,394141;1;6,577848;1;0
22:47:59.49860;-2,394141;1;6,577848;1;0
22:47:59.49960;-2,394141;1;6,577848;1;0
22:47:59.49960;-2,394141;1;6,577848;1;0
22:47:59.51260;-2,394141;1;6,577848;1;0
22:47:59.51360;-2,394141;1;6,577848;1;0
22:47:59.51360;-2,394141;1;6,577848;1;0
22:47:59.56360;-2,394141;1;6,577848;1;0
22:47:59.56460;-2,394141;1;6,577848;1;0
22:47:59.57160;-2,394141;1;6,577848;1;0
22:47:59.57260;-2,394141;1;6,577848;1;0
22:47:59.57360;-2,394141;1;6,577848;1;0
22:47:59.57460;-2,394141;1;6,577848;1;0
22:47:59.57561;-2,394141;1;6,577848;1;0
22:47:59.57660;-2,394141;1;6,577848;1;0
22:47:59.57760;-2,394141;1;6,577848;1;0
22:47:59.57861;-2,394141;1;6,577848;1;0
22:47:59.57960;-2,394141;1;6,577848;1;0
22:47:59.58973;-2,394141;1;6,577848;1;0
22:47:59.59174;-2,394141;1;6,577848;1;0
22:47:59.59277;-2,394141;1;6,577848;1;0
22:47:59.59376;-2,394141;1;6,577848;1;0
22:47:59.60577;-2,394141;1;6,577848;1;0
22:47:59.60676;-2,394141;1;6,577848;1;0
22:47:59.60777;-2,394141;1;6,577848;1;0
22:47:59.61477;-2,394141;1;6,577848;1;0
22:47:59.61576;-2,394141;1;6,577848;1;0
22:47:59.63476;-2,394141;1;6,577848;1;0
22:47:59.63576;-2,394141;1;6,577848;1;0
22:47:59.63676;-2,394141;1;6,577848;1;0
22:47:59.63776;-2,394141;1;6,577848;1;0
22:47:59.64276;-2,394141;1;6,577848;1;0
22:47:59.64376;-2,394141;1;6,577848;1;0
22:47:59.65976;-2,394141;1;6,577848;1;0
22:47:59.66076;-2,394141;1;6,577848;1;0
22:47:59.66176;-2,394141;1;6,577848;1;0
22:47:59.67176;-2,394141;1;6,577848;1;0
22:47:59.67276;-2,394141;1;6,577848;1;0
22:47:59.68676;-2,394141;1;6,577848;1;0
22:47:59.68776;-2,394141;1;6,577848;1;0
22:47:59.68876;-2,394141;1;6,577848;1;0
22:47:59.69977;-2,394141;1;6,577848;1;0
22:47:59.70076;-2,394141;1;6,577848;1;0
22:47:59.70176;-2,394141;1;6,577848;1;0
22:47:59.71477;-2,394141;1;6,577848;1;0
22:47:59.71576;-2,394141;1;6,577848;1;0
22:47:59.71676;-2,394141;1;6,577848;1;0
22:47:59.72977;-2,394141;1;6,577848;1;0
22:47:59.73076;-2,394141;1;6,577848;1;0
22:47:59.73176;-2,394141;1;6,577848;1;0
22:47:59.74376;-2,394141;1;6,577848;1;0
22:47:59.74476;-2,394141;1;6,577848;1;0
22:47:59.74576;-2,394141;1;6,577848;1;0
22:47:59.75477;-2,394141;1;6,577848;1;0
22:47:59.75576;-2,394141;1;6,577848;1;0
22:47:59.76877;-2,394141;1;6,577848;1;0
22:47:59.76977;-2,394141;1;6,577848;1;0
22:47:59.77676;-2,394141;1;6,577848;1;0
22:47:59.78276;-2,394141;1;6,577848;1;0
22:47:59.78377;-2,394141;1;6,577848;1;0
22:47:59.78477;-2,394141;1;6,577848;1;0
22:47:59.79876;-2,394141;1;6,577848;1;0
22:47:59.79977;-2,394141;1;6,577848;1;0
22:47:59.79977;-2,394141;1;6,577848;1;0
22:47:59.81277;-2,394141;1;6,577848;1;0
22:47:59.81377;-2,394141;1;6,577848;1;0
22:47:59.81476;-2,394141;1;6,577848;1;0
22:47:59.82676;-2,394141;1;6,577848;1;0
22:47:59.82676;-2,394141;1;6,577848;1;0
22:47:59.83877;-2,394141;1;6,577848;1;0
22:47:59.83977;-2,394141;1;6,577848;1;0
22:47:59.84076;-2,394141;1;6,577848;1;0
22:47:59.85276;-2,394141;1;6,577848;1;0
22:47:59.85376;-2,394141;1;6,577848;1;0
22:47:59.85376;-2,394141;1;6,577848;1;0
22:47:59.86877;-2,394141;1;6,577848;1;0
22:47:59.86977;-2,394141;1;6,577848;1;0
22:47:59.87076;-2,394141;1;6,577848;1;0
22:47:59.88276;-2,394141;1;6,577848;1;0
22:47:59.88376;-2,394141;1;6,577848;1;0
22:47:59.88476;-2,394141;1;6,577848;1;0
22:47:59.89576;-2,394141;1;6,577848;1;0
22:47:59.89676;-2,394141;1;6,577848;1;0
22:47:59.90776;-2,394141;1;6,577848;1;0
22:47:59.90876;-2,394141;1;6,577848;1;0
22:47:59.90976;-2,394141;1;6,577848;1;0
22:47:59.92377;-2,394141;1;6,577848;1;0
22:47:59.92476;-2,394141;1;6,577848;1;0
22:47:59.92576;-2,394141;1;6,577848;1;0
22:47:59.93776;-2,394141;1;6,577848;1;0
22:47:59.93876;-2,394141;1;6,577848;1;0
22:47:59.93976;-2,394141;1;6,577848;1;0
22:47:59.95176;-2,394141;1;6,577848;1;0
22:47:59.95277;-2,394141;1;6,577848;1;0
22:47:59.96376;-2,394141;1;6,577848;1;0
22:47:59.96476;-2,394141;1;6,577848;1;0
22:47:59.96576;-2,394141;1;6,577848;1;0
22:47:59.97876;-2,394141;1;6,577848;1;0
22:47:59.97976;-2,394141;1;6,577848;1;0
22:47:59.98076;-2,394141;1;6,577848;1;0
22:47:59.99176;-2,394141;1;6,577848;1;0
22:47:59.99276;-2,394141;1;6,577848;1;0
22:47:59.99376;-2,394141;1;6,577848;1;0
22:48:00.00676;-2,394141;1;6,577848;1;0
22:48:00.00776;-2,394141;1;6,577848;1;0
22:48:00.02076;-2,394141;1;6,577848;1;0
22:48:00.02176;-2,394141;1;6,577848;1;0
22:48:00.02277;-2,394141;1;6,577848;1;0
22:48:00.03277;-2,394141;1;6,577848;1;0
22:48:00.03376;-2,394141;1;6,577848;1;0
22:48:00.03476;-2,394141;1;6,577848;1;0
22:48:00.04676;-2,394141;1;6,577848;1;0
22:48:00.04776;-2,394141;1;6,577848;1;0
22:48:00.06377;-2,394141;1;6,577848;1;0
22:48:00.06476;-2,394141;1;6,577848;1;0
22:48:00.06576;-2,394141;1;6,577848;1;0
22:48:00.06676;-2,394141;1;6,577848;1;0
22:48:00.07176;-2,394141;1;6,577848;1;0
22:48:00.07276;-2,394141;1;6,577848;1;0
22:48:00.09076;-2,394141;1;6,577848;1;0
22:48:00.09177;-2,394141;1;6,577848;1;0
22:48:00.09276;-2,394141;1;6,577848;1;0
22:48:00.10177;-2,394141;1;6,577848;1;0
22:48:00.10278;-2,394141;1;6,577848;1;0
22:48:00.10376;-2,394141;1;6,577848;1;0
22:48:00.11776;-2,394141;1;6,577848;1;0
22:48:00.11877;-2,394141;1;6,577848;1;0
22:48:00.11976;-2,394141;1;6,577848;1;0
22:48:00.13076;-2,394141;1;6,577848;1;0
22:48:00.13076;-2,394141;1;6,577848;1;0
22:48:00.14577;-2,394141;1;6,577848;1;0
22:48:00.14676;-2,394141;1;6,577848;1;0
22:48:00.14777;-2,394141;1;6,577848;1;0
22:48:00.15876;-2,394141;1;6,577848;1;0
22:48:00.15876;-2,394141;1;6,577848;1;0
22:48:00.15977;-2,394141;1;6,577848;1;0
22:48:00.17277;-2,394141;1;6,577848;1;0
22:48:00.17377;-2,394141;1;6,577848;1;0
22:48:00.17476;-2,394141;1;6,577848;1;0
22:48:00.18576;-2,394141;1;6,577848;1;0
22:48:00.18676;-2,394141;1;6,577848;1;0
22:48:00.19976;-2,394141;1;6,577848;1;0
22:48:00.20077;-2,394141;1;6,577848;1;0
22:48:00.20176;-2,394141;1;6,577848;1;0
22:48:00.21476;-2,394141;1;6,577848;1;0
22:48:00.21576;-2,394141;1;6,577848;1;0
22:48:00.21576;-2,394141;1;6,577848;1;0
22:48:00.22777;-2,394141;1;6,577848;1;0
22:48:00.22777;-2,394141;1;6,577848;1;0
22:48:00.22876;-2,394141;1;6,577848;1;0
22:48:00.24276;-2,394141;1;6,577848;1;0
22:48:00.24376;-2,394141;1;6,577848;1;0
22:48:00.24376;-2,394141;1;6,577848;1;0
22:48:00.25576;-2,394141;1;6,577848;1;0
22:48:00.25576;-2,394141;1;6,577848;1;0
22:48:00.27076;-2,394141;1;6,577848;1;0
22:48:00.27076;-2,394141;1;6,577848;1;0
22:48:00.27176;-2,394141;1;6,577848;1;0
22:48:00.28276;-2,394141;1;6,577848;1;0
22:48:00.28377;-2,394141;1;6,577848;1;0
22:48:00.28476;-2,394141;1;6,577848;1;0
22:48:00.29676;-2,394141;1;6,577848;1;0
22:48:00.29776;-2,394141;1;6,577848;1;0
22:48:00.31176;-2,394141;1;6,577848;1;0
22:48:00.31277;-2,394141;1;6,577848;1;0
22:48:00.31376;-2,394141;1;6,577848;1;0
22:48:00.31477;-2,394141;1;6,577848;1;0
22:48:00.32576;-2,394141;1;6,577848;1;0
22:48:00.32676;-2,394141;1;6,577848;1;0
22:48:00.33876;-2,394141;1;6,577848;1;0
22:48:00.33976;-2,394141;1;6,577848;1;0
22:48:00.34076;-2,394141;1;6,577848;1;0
22:48:00.35277;-2,394141;1;6,577848;1;0
22:48:00.35377;-2,394141;1;6,577848;1;0
22:48:00.35377;-2,394141;1;6,577848;1;0
22:48:00.36676;-2,394141;1;6,577848;1;0
22:48:00.36676;-2,394141;1;6,577848;1;0
22:48:00.38477;-2,394141;1;6,577848;1;0
22:48:00.38577;-2,394141;1;6,577848;1;0
22:48:00.38676;-2,394141;1;6,577848;1;0
22:48:00.38676;-2,394141;1;6,577848;1;0
22:48:00.39276;-2,394141;1;6,577848;1;0
22:48:00.39376;-2,394141;1;6,577848;1;0
22:48:00.40876;-2,394141;1;6,577848;1;0
22:48:00.40976;-2,394141;1;6,577848;1;0
22:48:00.40976;-2,394141;1;6,577848;1;0
22:48:00.42276;-2,394141;1;6,577848;1;0
22:48:00.42377;-2,394141;1;6,577848;1;0
22:48:00.42377;-2,394141;1;6,577848;1;0
22:48:00.43676;-2,394141;1;6,577848;1;0
22:48:00.43776;-2,394141;1;6,577848;1;0
22:48:00.45276;-2,394141;1;6,577848;1;0
22:48:00.45377;-2,394141;1;6,577848;1;0
22:48:00.45377;-2,394141;1;6,577848;1;0
22:48:00.45476;-2,394141;1;6,577848;1;0
22:48:00.46076;-2,394141;1;6,577848;1;0
22:48:00.47976;-2,394141;1;6,577848;1;0
22:48:00.48076;-2,394141;1;6,577848;1;0
22:48:00.48076;-2,394141;1;6,577848;1;0
22:48:00.48176;-2,394141;1;6,577848;1;0
22:48:00.49276;-2,394141;1;6,577848;1;0
22:48:00.49376;-2,394141;1;6,577848;1;0
22:48:00.49477;-2,394141;1;6,577848;1;0
22:48:00.50676;-2,394141;1;6,577848;1;0
22:48:00.50776;-2,394141;1;6,577848;1;0
22:48:00.51877;-2,394141;1;6,577848;1;0
22:48:00.51976;-2,394141;1;6,577848;1;0
22:48:00.52076;-2,394141;1;6,577848;1;0
22:48:00.53577;-2,394141;1;6,577848;1;0
22:48:00.53676;-2,394141;1;6,577848;1;0
22:48:00.53776;-2,394141;1;6,577848;1;0
22:48:00.54676;-2,394141;1;6,577848;1;0
22:48:00.54777;-2,394141;1;6,577848;1;0
22:48:00.56376;-2,394141;1;6,577848;1;0
22:48:00.56476;-2,394141;1;6,577848;1;0
22:48:00.56476;-2,394141;1;6,577848;1;0
22:48:00.56576;-2,394141;1;6,577848;1;0
22:48:00.57476;-2,394141;1;6,577848;1;0
22:48:00.57576;-2,394141;1;6,577848;1;0
22:48:00.58976;-2,394141;1;6,577848;1;0
22:48:00.59076;-2,394141;1;6,577848;1;0
22:48:00.59176;-2,394141;1;6,577848;1;0
22:48:00.60476;-2,394141;1;6,577848;1;0
22:48:00.60576;-2,394141;1;6,577848;1;0
22:48:00.60676;-2,394141;1;6,577848;1;0
22:48:00.61876;-2,394141;1;6,577848;1;0
22:48:00.61976;-2,394141;1;6,577848;1;0
22:48:00.62076;-2,394141;1;6,577848;1;0
22:48:00.62976;-2,394141;1;6,577848;1;0
22:48:00.63077;-2,394141;1;6,577848;1;0
22:48:00.64676;-2,394141;1;6,577848;1;0
22:48:00.64776;-2,394141;1;6,577848;1;0
22:48:00.64877;-2,394141;1;6,577848;1;0
22:48:00.66076;-2,394141;1;6,577848;1;0
22:48:00.66177;-2,394141;1;6,577848;1;0
22:48:00.66177;-2,394141;1;6,577848;1;0
22:48:00.67376;-2,394141;1;6,577848;1;0
22:48:00.67477;-2,394141;1;6,577848;1;0
22:48:00.67576;-2,394141;1;6,577848;1;0
22:48:00.68576;-2,394141;1;6,577848;1;0
22:48:00.68677;-2,394141;1;6,577848;1;0
22:48:00.69876;-2,394141;1;6,577848;1;0
22:48:00.69977;-2,394141;1;6,577848;1;0
22:48:00.70077;-2,394141;1;6,577848;1;0
22:48:00.71576;-2,394141;1;6,577848;1;0
22:48:00.71677;-2,394141;1;6,577848;1;0
22:48:00.71677;-2,394141;1;6,577848;1;0
22:48:00.72876;-2,394141;1;6,577848;1;0
22:48:00.72976;-2,394141;1;6,577848;1;0
22:48:00.73076;-2,394141;1;6,577848;1;0
22:48:00.74176;-2,394141;1;6,577848;1;0
22:48:00.74276;-2,394141;1;6,577848;1;0
22:48:00.74376;-2,394141;1;6,577848;1;0
22:48:00.75676;-2,394141;1;6,577848;1;0
22:48:00.75776;-2,394141;1;6,577848;1;0
22:48:00.77076;-2,394141;1;6,577848;1;0
22:48:00.77176;-2,394141;1;6,577848;1;0
22:48:00.77276;-2,394141;1;6,577848;1;0
22:48:00.78576;-2,394141;1;6,577848;1;0
22:48:00.78677;-2,394141;1;6,577848;1;0
22:48:00.78677;-2,394141;1;6,577848;1;0
22:48:00.79776;-2,394141;1;6,577848;1;0
22:48:00.79776;-2,394141;1;6,577848;1;0
22:48:00.79876;-2,394141;1;6,577848;1;0
22:48:00.80776;-2,394141;1;6,577848;1;0
22:48:00.80876;-2,394141;1;6,577848;1;0
22:48:00.82476;-2,394141;1;6,577848;1;0
22:48:00.82576;-2,394141;1;6,577848;1;0
22:48:00.82676;-2,394141;1;6,577848;1;0
22:48:00.84076;-2,394141;1;6,577848;1;0
22:48:00.84177;-2,394141;1;6,577848;1;0
22:48:00.84276;-2,394141;1;6,577848;1;0
22:48:00.85376;-2,394141;1;6,577848;1;0
22:48:00.85476;-2,394141;1;6,577848;1;0
22:48:00.85576;-2,394141;1;6,577848;1;0
22:48:00.86676;-2,394141;1;6,577848;1;0
22:48:00.86776;-2,394141;1;6,577848;1;0
22:48:00.86876;-2,394141;1;6,577848;1;0
22:48:00.88077;-2,394141;1;6,577848;1;0
22:48:00.88177;-2,394141;1;6,577848;1;0
22:48:00.89676;-2,394141;1;6,577848;1;0
22:48:00.89777;-2,394141;1;6,577848;1;0
22:48:00.89777;-2,394141;1;6,577848;1;0
22:48:00.90876;-2,394141;1;6,577848;1;0
22:48:00.90976;-2,394141;1;6,577848;1;0
22:48:00.91076;-2,394141;1;6,577848;1;0
22:48:00.92176;-2,394141;1;6,577848;1;0
22:48:00.92277;-2,394141;1;6,577848;1;0
22:48:00.92376;-2,394141;1;6,577848;1;0
22:48:00.93676;-2,394141;1;6,577848;1;0
22:48:00.93776;-2,394141;1;6,577848;1;0
22:48:00.95077;-2,394141;1;6,577848;1;0
22:48:00.95176;-2,394141;1;6,577848;1;0
22:48:00.95176;-2,394141;1;6,577848;1;0
22:48:00.96476;-2,394141;1;6,577848;1;0
22:48:00.96576;-2,394141;1;6,577848;1;0
22:48:00.96676;-2,394141;1;6,577848;1;0
22:48:00.97676;-2,394141;1;6,577848;1;0
22:48:00.97777;-2,394141;1;6,577848;1;0
22:48:00.99276;-2,394141;1;6,577848;1;0
22:48:00.99376;-2,394141;1;6,577848;1;0
22:48:00.99477;-2,394141;1;6,577848;1;0
22:48:00.99576;-2,394141;1;6,577848;1;0
22:48:01.00476;-2,394141;1;6,577848;1;0
22:48:01.00576;-2,394141;1;6,577848;1;0
22:48:01.02076;-2,394141;1;6,577848;1;0
22:48:01.02176;-2,394141;1;6,577848;1;0
22:48:01.02276;-2,394141;1;6,577848;1;0
22:48:01.03377;-2,394141;1;6,577848;1;0
22:48:01.03477;-2,394141;1;6,577848;1;0
22:48:01.03477;-2,394141;1;6,577848;1;0
22:48:01.04776;-2,394141;1;6,577848;1;0
22:48:01.04776;-2,394141;1;6,577848;1;0
22:48:01.04876;-2,394141;1;6,577848;1;0
22:48:01.06076;-2,394141;1;6,577848;1;0
22:48:01.06176;-2,394141;1;6,577848;1;0
22:48:01.07576;-2,394141;1;6,577848;1;0
22:48:01.07677;-2,394141;1;6,577848;1;0
22:48:01.07776;-2,394141;1;6,577848;1;0
22:48:01.08976;-2,394141;1;6,577848;1;0
22:48:01.09076;-2,394141;1;6,577848;1;0
22:48:01.09177;-2,394141;1;6,577848;1;0
22:48:01.10376;-2,394141;1;6,577848;1;0
22:48:01.10476;-2,394141;1;6,577848;1;0
22:48:01.10576;-2,394141;1;6,577848;1;0
22:48:01.11676;-2,394141;1;6,577848;1;0
22:48:01.11777;-2,394141;1;6,577848;1;0
22:48:01.11876;-2,394141;1;6,577848;1;0
22:48:01.13376;-2,394141;1;6,577848;1;0
22:48:01.13477;-2,394141;1;6,577848;1;0
22:48:01.13576;-2,394141;1;6,577848;1;0
22:48:01.14777;-2,394141;1;6,577848;1;0
22:48:01.14877;-2,394141;1;6,577848;1;0
22:48:01.14976;-2,394141;1;6,577848;1;0
22:48:01.15776;-2,394141;1;6,577848;1;0
22:48:01.15877;-2,394141;1;6,577848;1;0
22:48:01.17177;-2,394141;1;6,577848;1;0
22:48:01.17277;-2,394141;1;6,577848;1;0
22:48:01.18676;-2,394141;1;6,577848;1;0
22:48:01.18777;-2,394141;1;6,577848;1;0
22:48:01.18877;-2,394141;1;6,577848;1;0
22:48:01.19976;-2,394141;1;6,577848;1;0
22:48:01.20076;-2,394141;1;6,577848;1;0
22:48:01.20076;-2,394141;1;6,577848;1;0
22:48:01.21376;-2,394141;1;6,577848;1;0
22:48:01.21477;-2,394141;1;6,577848;1;0
22:48:01.21576;-2,394141;1;6,577848;1;0
22:48:01.22976;-2,394141;1;6,577848;1;0
22:48:01.23077;-2,394141;1;6,577848;1;0
22:48:01.23077;-2,394141;1;6,577848;1;0
22:48:01.24376;-2,394141;1;6,577848;1;0
22:48:01.24477;-2,394141;1;6,577848;1;0
